project,date,siteId,rType,rep,sublocation,month,time_cst,sub_watershed,burn_area,stream_order,elevation,flow_state,conductivity,canopy_cover_percent,long,lat,stic_sublocation,stream_temp_C_1wk_avg,stream_temp_C_2wk_avg,stream_temp_C_3wk_avg,percent_wet_1wk_avg,percent_wet_2wk_avg,percent_wet_3wk_avg,twi,distance_from_outlet,drainage_area,wetted_width,stream_depth_max,stream_depth_mean,slope_percent,weather,pH,stream_temperature,crewBGC,crewMicro
AIMS,20210605,01M01,ENVD,1,SW,June,15:35,01M,N1B,3,373.90979,flowing,560,44.8,-96.577021,39.086665,HS,14.99187221,15.52654275,15.52654275,1,1,1,16.61853981,1.4,28.3099,3.26,0.26,0.1839,1.965986462,"clear, some clouds, hot sunny 90s",8.07,18.5,"Connor Brown, Rachel Wakefield","Ken Aho, Michael J Braus"
AIMS,20210605,01M02,ENVD,1,SW,June,17:15,01M,N1B,3,375.4253235,flowing,562,74,-96.576332,39.086288,HS,15.00087667,15.62154647,15.62154647,1,1,1,15.35936356,1.51,27.8823,1.64,0.17,0.105,6.791313277,"sunny, clear, warm",8,17.9,"Connor Brown, Rachel Wakefield","Ken Aho, Michael J Braus"
AIMS,20210606,01M03,ENVD,1,SW,June,9:00,01M,N1B,3,378.8143921,flowing,557.7,2.1,-96.575936,39.084711,HS,16.58707281,16.81507807,16.89144344,1,1,1,15.67690945,1.7,25.997,1,0.13,0.062,4.621014623,"cloudy, warm, nice breeze",8.2,17.8,"Connor Brown, Rachel Wakefield","Ken Aho, Michael J Braus"
AIMS,20210606,01M04,ENVD,1,SW,June,10:37,01M,N1B,3,381.355896,flowing,542.8,85.4,-96.575156,39.083636,LS,16.35121842,16.62819331,16.70814712,1,1,1,15.51594639,1.84,24.7503,5.29,0.57,0.352,5.164930423,"some sun, cloudy",8.13,18.7,"Connor Brown, Rachel Wakefield","Ken Aho, Michael J Braus"
AIMS,20210606,01M05,ENVD,1,SW,June,12:15,01M,N1B,3,384.7107544,flowing,527.8,56.3,-96.574188,39.082643,HS,15.99708767,16.13474349,16.19757807,0.982169391,0.991078067,0.99167245,15.9600172,2,19.8808,1.6,0.14,0.091,2.666399599,"some sun, cloudy",8.18,19.1,"Connor Brown, Rachel Wakefield","Ken Aho, Michael J Braus"
AIMS,20210606,01M06,ENVD,1,SW,June,14:04,01M,N1B,2,394.2240906,flowing,575.6,60.4,-96.571582,39.080649,HS,14.76879643,15.05901859,15.15785566,1,1,1,15.75028801,2.46,10.5589,,0.24,0.144,1.747324665,"sunny, come clouds",7.99,17.5,"Connor Brown, Rachel Wakefield","Ken Aho, Michael J Braus"
AIMS,20210605,02M01,ENVD,1,SW,June,9:21,02M,N1A,1,353.3493958,flowing,546.1,71.9,-96.58813,39.09188,LS,15.83346211,16.46933086,16.46933086,1,1,1,17.50626373,0.102,24.1532,1.1,0.1143,0.078105,0.690609994,"sunny, 75deg, clear",7.94,16.7,"Erin Seybold, Amy Burgin","Kevin Kuehn, Charlie Bond, Diana Diaz, Brett Nave"
AIMS,20210605,02M02,ENVD,1,SW,June,11:06,02M,N1A,1,356.2748718,flowing,560.4,86.5,-96.58832556,39.09084425,HS,15.72499257,16.30161338,16.30161338,1,1,1,16.74125099,0.235,23.732,1.1,0.1016,0.0635,1.458008466,"sunny, clear, 80s",8.22,19,"Erin Seybold, Amy Burgin, Kaci Zarek","Brett Nave, Diana Diaz"
AIMS,20210605,02M03,ENVD,1,SW,June,13:14,02M,N2B,1,358.495636,flowing,558.4,92.7,-96.58859,39.08991,HS,15.89609212,16.3893829,16.3893829,1,1,1,15.93150425,0.36,20.3529,1.9,0.2159,0.143256,2.808448387,sunny (relentless),8.15,22,"Erin Seybold, Amy Burgin, Kaci Zarek","Brett Nave, Diana Diaz"
AIMS,20210605,02M04,ENVD,1,SW,June,15:00,02M,N2B,1,364.2157288,flowing,558,96.9,-96.589642,39.088242,,,,,,,,16.02225113,0.62,18.9885,1.6,0.1651,0.12573,2.393399355,"sunny, clear skies",8.12,21.9,"Erin Seybold, Amy Burgin, Kaci Zarek","Brett Nave, Diana Diaz"
AIMS,20210605,02M05,ENVD,1,SW,June,16:21,02M,N2B,1,367.7589417,flowing,564,28.1,-96.59082413,39.08698067,,,,,,,,16.33888054,0.809,17.783,2.1,0.2667,0.16637,1.63363215,sunny,8.18,20.3,"Erin Seybold, Amy Burgin, Kaci Zarek","Brett Nave, Diana Diaz"
AIMS,20210606,02M06,ENVD,1,SW,June,17:50,02M,N2B,1,369.4064026,flowing,561.2,46.9,-96.591427,39.087237,HS,16.0858841,16.22218587,16.26795281,1,1,1,15.4359417,0.88,15.6919,1.1,0.1016,0.05969,3.552439129,sunny,8.16,19.8,"Erin Seybold, Amy Burgin, Kaci Zarek","Brett Nave, Diana Diaz"
AIMS,20210606,02M07,ENVD,1,SW,June,10:05,02M,N2B,1,373.2965393,flowing,568.6,14.6,-96.59252,39.08648,HS,15.51903418,15.69292193,15.73883414,1,1,1,15.26016903,1.04,14.1328,1.95,0.3683,0.234315,3.813568313,"cloudy, cool, breeze",7.97,16.6,"Amy Burgin, Kaci Zarek","Brett Nave, Brooke Vogt"
AIMS,20210606,02M08,ENVD,1,SW,June,11:30,02M,N2B,1,376.8670044,flowing,566,51,-96.592913,39.085573,HS,15.38466568,15.59371004,15.64881332,1,1,1,15.93290806,1.2,12.9671,1.3,0.2159,0.09525,1.787641455,"overcast, breezy",7.98,17,"Erin Seybold, Amy Burgin, Kaci Zarek","Brett Nave, Brooke Vogt"
AIMS,20210606,02M09,ENVD,1,SW,June,12:54,02M,N2B,1,379.9472046,flowing,557.7,40.6,-96.59339,39.08482,HS,15.52729569,15.62343494,15.66680083,1,1,1,14.74790478,1.33,9.8943,1.3,0.127,0.061595,4.453773322,"75, overcast",7.71,17,"Erin Seybold, Amy Burgin, Kaci Zarek","Brett Nave, Brooke Vogt"
AIMS,20210606,02M10,ENVD,1,SW,June,15:00,02M,N2B,1,387.2233887,flowing,541.4,27.1,-96.59357,39.08251,HS,15.42985141,15.6312342,15.68870229,1,1,1,14.12819386,1.6,6.1497,1.7,0.127,0.09398,5.140935224,sunny,7.89,17.8,"Erin Seybold, Amy Burgin","Brett Nave, Kaci Zarek"
AIMS,20210606,02M11,ENVD,1,SW,June,16:40,02M,N2B,1,401.5448608,flowing,566.9,0,-96.593682,39.079249,HS,18.03800892,17.57932342,17.58943789,1,1,1,14.58442116,2,2.6741,0.25,0.0889,0.0889,1.420063582,BLANK,8.02,19.2,"Erin Seybold, Amy Burgin, Kaci Zarek",Brett Nave
AIMS,20210603,04M01,ENVD,1,SW,June,11:15,04M,N2B,2,355.1574097,flowing,534.5,76,-96.586195,39.089842,HS,15.25973254,15.88678231,15.88678231,1,1,1,16.12752151,0.32,39.7602,2,0.1524,0.09144,4.50414143,"hot, clear, sunny",8.33,18.3,"Jess Wilhelm, Sarah Flynn","Kevin Kuehn, Charlie Bond"
AIMS,20210605,04M02,ENVD,1,SW,June,14:50,04M,N2B,2,362.0723267,flowing,534.6,6.3,-96.58481,39.08775,HS,15.27976226,15.7386171,15.7386171,1,1,1,15.95807076,0.66,30.2096,3,0.2286,0.09144,4.055731079,sunny! Hot! Clear sky!,8.17,21.9,"Jess Wilhelm, Sarah Flynn","Kevin Kuehn, Charlie Bond"
AIMS,20210605,04M03,ENVD,1,SW,June,,04M,N4D,2,364.9915771,flowing,521.4,26,-96.58366,39.08685,HS,15.0523477,15.62947955,15.62947955,1,1,1,17.71474266,0.81,29.302,1.3,0.1016,0.05334,0.680164765,"hot, partly cloudly",8.16,22.6,"Jess Wilhelm, Sarah Flynn","Kevin Kuehn, Charlie Bond"
AIMS,20210605,04M04,ENVD,1,SW,June,16:03,04M,N4D,2,367.722168,flowing,548.1,65.6,-96.58345,39.08576,HS,14.93836553,15.36597026,15.36597026,1,1,1,15.89907742,0.95,28.413,1.7,0.2286,0.127,4.046366321,sunny,8.17,20.3,"Jess Wilhelm, Sarah Flynn","Kevin Kuehn, Charlie Bond"
AIMS,20210605,04M05,ENVD,1,SW,June,17:25,04M,N4D,2,370.0584717,flowing,559,96.9,-96.5831,39.08502,HS,14.80410104,15.18022305,15.18022305,1,1,1,16.17440605,1.06,23.8689,2,0.127,0.08382,2.583657999,"sunny, cooler in shade, breezy",8.04,17.8,"Jess Wilhelm, Sarah Flynn","Kevin Kuehn, Charlie Bond"
AIMS,20210606,04M06,ENVD,1,SW,June,8:30,04M,N4D,2,372.0547791,flowing,557.2,84.4,-96.58342,39.084258,HS,15.11215453,17.15255019,17.47975711,1,0.594052045,0.554476058,15.63758564,1.2,23.3323,1.5,0.20955,0.133985,4.314900413,"hot, cloudy, breezy",8.1,15.6,"Jess Wilhelm, Sarah Flynn","Kevin Kuehn, Charlie Bond"
AIMS,20210606,04M07,ENVD,1,SW,June,10:00,04M,N4D,2,376.434906,flowing,557.3,70.8,-96.58253,39.08278,HS,14.79667162,14.99342007,15.02938931,1,1,1,17.33314705,1.4,15.1506,1.7,0.0762,0.02032,0.515087173,"overcast, mild temps",8.11,16.2,"Jess Wilhelm, Sarah Flynn","Kevin Kuehn, Charlie Bond"
AIMS,20210606,04M08,ENVD,1,SW,June,11:40,04M,N4D,2,380.3074036,flowing,558.3,31.3,-96.58221,39.08131,HS,14.76237741,14.94427509,14.97108952,1,1,1,15.45113182,1.6,13.8929,2.3,0.381,0.20574,3.098705989,"overcast, mild, somewhat windy",7.73,NA,"Jess Wilhelm, Sarah Flynn","Kevin Kuehn, Charlie Bond"
AIMS,20210606,04M09,ENVD,1,SW,June,15:30,04M,N4D,2,384.8762207,flowing,546.1,32.3,-96.581629,39.079941,HS,15.46200594,15.59828253,15.63621096,1,1,1,15.01551914,1.8,8.4654,1.2,0.3048,0.17018,2.919221629,"cloudy, hot",8.07,NA,"Jess Wilhelm, Sarah Flynn","Kevin Kuehn, Charlie Bond"
AIMS,20210606,04M10,ENVD,1,SW,June,16:30,04M,N4D,2,393.9353333,flowing,555,62.5,-96.58289,39.077433,HS,15.49735513,15.61895167,15.65964608,1,1,1,14.87435055,2.1,6.5928,0.6,0.0635,0.031115,2.618615199,"cloudy, hot",8.07,NA,"Jess Wilhelm, Sarah Flynn","Kevin Kuehn, Charlie Bond"
AIMS,20210607,04M11,ENVD,1,SW,June,13:45,04M,N4D,2,404.717041,flowing,528.5,37.5,-96.583835,39.074718,HS,15.80325409,15.53535316,15.59864021,1,1,1,13.76612186,2.5,2.8759,0.57,0.03,0.03,3.458180553,"80s, sunny",8.25,21.3,"Eva Burke, Bri Richards","Charlie Bond, Harley-Payj Leatherman"
AIMS,20210607,04M12,ENVD,1,SW,June,14:22,04M,N4D,1,407.2463074,flowing,569.1,72.9,-96.584063,39.073158,HS,15.04872214,15.04682528,15.21936239,1,1,1,14.38844585,2.7,2.2526,2.7,0.03,0.03,1.45519363,"80s, hot as heck",8.21,16.1,"Bri Richards, Eva Burke, Sam Thomas","Lydia Zeglin, Charlie Bond, Harley-Payj Leatherman"
AIMS,20210607,04M13,ENVD,1,SW,June,16:13,04M,N4D,1,407.2463074,dry,,50,-96.584299,39.070814,HS,20.93713224,19.98362082,20.19476903,0.185735513,0.189591078,0.290826285,14.38844585,2.93,2.2526,,,,1.45519363,"80s, sunny",,,"Bri Richards, Eva Burke, Sam Thomas","Lydia Zeglin, Charlie Bond, Harley-Payj Leatherman"
AIMS,20210604,04T01,ENVD,1,SW,June,9:36,04M,N4B,1,379.5954285,dry,,10.4,-96.584301,39.082362,HS,16.21178306,17.83773419,17.83773419,0.621099554,0.68694956,0.68694956,14.6586132,1.45,6.65,,,,3.276013653,80s,,,"Bri Richards, Eva Burke, Sam Thomas","Lydia Zeglin, Charlie Bond, Harley-Payj Leatherman"
AIMS,20210607,04T02,ENVD,1,SW,June,11:00,04M,N4B,1,387.0223694,flowing,546.1,1,-96.580834,39.079705,HS,16.33662478,16.26803092,16.36318086,1,1,1,13.50106335,1.8,3.6848,,,,5.763167458,80s,8.25,21.4,"Bri Richards, Eva Burke, Sam Thomas","Lydia Zeglin, Charlie Bond, Harley-Payj Leatherman"
AIMS,20210607,04W01,ENVD,1,SW,June,8:40,04W,N2B,1,360.5698242,dry,,64.6,-96.58543,39.08816,HS,19.60074294,18.54882528,18.55940143,0.684992571,0.842379182,0.862068966,14.72917557,0.6,7.6246,0,0,0,3.499689997,"hot, sunny",,,"Sarah Flynn, Jess Wilhelm, Kaci Zarek","Ken Aho, Michael J Braus"
AIMS,20210607,04W02,ENVD,1,SW,June,9:44,04W,N2B,1,370.9928284,flowing,541.2,95.8,-96.58689,39.08609,HS,16.4933581,16.48085502,16.58824333,1,1,1,14.14491558,0.88,6.1046,1.1,0.15,0.083,5.019240788,"warm, sunny",8.08,17.7,"Sarah Flynn, Jess Wilhelm, Kaci Zarek","Ken Aho, Michael J Braus"
AIMS,20210607,04W03,ENVD,1,SW,June,10:44,04W,N2B,1,382.2555237,flowing,555.9,34.4,-96.58803867,39.08385954,HS,17.07074294,16.9175539,16.97934938,1,1,1,13.66539764,1.2,4.2006,2.6,0.06,0.022,5.575492804,"suuny, warm",8.16,18.7,"Sarah Flynn, Jess Wilhelm, Kaci Zarek","Ken Aho, Michael J Braus"
AIMS,20210607,04W04,ENVD,1,SW,June,12:00,04W,N2B,1,391.0866699,flowing,561.7,93.8,-96.58866,39.08223,HS,17.81424963,17.18182156,17.34407287,0.087667162,0.335315985,0.41834743,14.39993095,1.4,2.9436,0.5,0.08,0.31,1.879598913,"sunny, hot",8.02,17.3,"Sarah Flynn, Jess Wilhelm, Kaci Zarek","Ken Aho, Michael J Braus"
AIMS,20210605,20M01,ENVD,1,SW,June,15:41,20M,N20B,1,371.0545349,dry,,13.5,-96.57694,39.08838,HS,16.67286776,18.72119703,18.72119703,0.145616642,0.185873606,0.185873606,14.87513256,1.31,18.9453,,,,7.481488741,"90s, sunny",,,"Eva Burke, Bri Richards","Eva Burke, Lydia Zeglin"
AIMS,20210605,20M02,ENVD,1,SW,June,16:27,20M,N20B,1,378.9335327,dry,,0,-96.5737,39.08921,HS,14.59120357,15.59831227,15.59831227,1,1,1,16.0319767,1.65,16.3166,,,,2.037042638,"90s, sunny",,,"Eva Burke, Bri Richards","Lydia Zeglin, Harley-Payj Leatherman"
AIMS,20210605,20M03,ENVD,1,SW,June,17:00,20M,N20B,1,385.9613342,dry,,35.4,-96.57178,39.08822,HS,14.70236324,17.07536758,17.07536758,1,0.884853853,0.884853853,15.66395473,1.91,9.0899,,,,1.639925733,"90s, sunny",,,"Eva Burke, Bri Richards","Lydia Zeglin, Harley-Payj Leatherman"
AIMS,20210606,20M04,ENVD,1,SW,June,9:25,20M,N20B,1,389.7962036,flowing,544.1,76,-96.57111,39.08709,HS,15.98811293,16.32228253,16.37583622,1,1,1,15.41920757,2.06,8.6075,,,,1.983258448,"70s, overcast",8.24,17.4,"Eva Burke, Bri Richards","Lydia Zeglin, Harley-Payj Leatherman"
AIMS,20210606,20M05,ENVD,1,SW,June,10:53,20M,N20B,1,401.0048828,flowing,529.8,4.2,-96.568,39.086,HS,15.84432392,16.17125651,16.24164469,1,1,1,13.70702839,2.4,5.444,,,,6.919350964,"70s, overcast",8.13,19.3,"Eva Burke, Bri Richards","Lydia Zeglin, Harley-Payj Leatherman"
AIMS,20210604,SFM01,ENVD,1,SW,June,10:54,SFM,N1A,3,350.8111572,flowing,561.1,78.1,-96.587193,39.092281,HS,14.95903418,15.77372298,15.77372298,1,1,1,18.44983101,0,132.6873,7.7,0.1905,0.10795,1.476474482,"clear, sunny",8.01,17.7,"Erin Seybold, Jess Wilhelm, Connor Brown, Bri Richards, Sarah Flynn","Brett Nave, Lydia Zeglin, Charlie Bond, Ken Aho, Rob Ramos, Michael J Braus"
AIMS,20210604,SFM02,ENVD,1,SW,June,14:00,SFM,N4B,3,352.7506104,flowing,545.7,84.4,-96.58632,39.09126,HS,14.99649331,15.85152922,15.85152922,1,1,1,17.58334923,0.14,107.6787,2.289,0.1397,0.09525,2.848214171,"sunny, clear, hot",8.1,18.7,"Erin Seybold, Jess Wilhelm, Connor Brown, Bri Richards, Sarah Flynn","Brett Nave, Lydia Zeglin, Charlie Bond, Ken Aho, Rob Ramos, Michael J Braus"
AIMS,20210605,SFM03,ENVD,1,SW,June,,SFM,N4B,3,353.4151611,flowing,574.9,63.5,-96.58578,39.09099,LS,15.15369985,15.878171,15.878171,1,1,1,18.85499001,0.18,67.0512,2.73,0.1905,0.107244444,0.497656872,"sunny, clear, hot",7.98,18.9,"Jess Wilhelm, Connor Brown, Bri Richards, Sarah Flynn",BLANK
AIMS,20210605,SFM04,ENVD,1,SW,June,,SFM,N4B,3,356.1382751,flowing,564.8,86.5,-96.5844,39.09089,HS,15.0961367,15.70999257,15.70999257,1,1,1,18.68798256,0.35,60.9054,1.785,0.2286,0.1158875,0.53420538,"sunny, clear, hot",8.06,17.5,BLANK,BLANK
AIMS,20210605,SFM05,ENVD,1,SW,June,10:57,SFM,N4B,3,361.0678101,flowing,559.5,80.2,-96.58186,39.09019,HS,15.2846211,15.92358364,15.92358364,1,1,1,16.93181992,0.66,58.6702,3.15,0.1651,0.11938,2.977030614,"~70s, hot, sunny",8.02,17.2,"Bri Richards, Connor Brown","Lydia Zeglin, Michael J Braus, Ken Aho, Harley-Payj Leatherman"
AIMS,20210605,SFM06,ENVD,1,SW,June,12:16,SFM,N20B,3,365.2245483,flowing,549.4,85.4,-96.57941,39.0895,,,,,,,,16.90305519,0.91,51.0121,0.025,0.15,0.099,2.664457202,"80s, sunny",8.06,18.5,"Connor Brown, Bri Richards, Rachel Wakefield, Eva Burke","Lydia Zeglin, Michael J Braus, Ken Aho, Harley-Payj Leatherman"
AIMS,20210605,SFM07,ENVD,1,SW,June,13:51,SFM,N20B,3,367.3485718,flowing,528.8,97.9,-96.578458,39.088683,HS,15.3920208,16.0369145,16.0369145,1,1,1,17.54718971,1.1,49.9061,,,,1.369543574,"90s, sunny",8.01,21.1,"Connor Brown, Bri Richards, Rachel Wakefield, Eva Burke","Lydia Zeglin, Michael J Braus, Ken Aho, Harley-Payj Leatherman"
AIMS,20210606,SFT01,ENVD,1,SW,June,14:58,SFM,N4B,1,356.8398438,flowing,589.7,2.1,-96.58517,39.09185,HS,15.79066865,16.04113011,16.11101319,1,1,1,13.78743362,0.3,4.5053,,,,5.294576991,"80s, sunny",8.02,19.2,"Eva Burke, Bri Richards","Lydia Zeglin, Harley-Payj Leatherman"
AIMS,20210606,SFT02,ENVD,1,SW,June,13:12,SFM,N4B,1,372.4689026,flowing,536.1,4.2,-96.57852,39.09105,HS,16.26858841,16.67016357,16.7081263,1,0.983643123,0.984732824,14.25018978,1.01,4.8346,,,,3.58234839,"80s, partly cloudy",8.13,18.3,"Eva Burke, Bri Richards","Lydia Zeglin, Harley-Payj Leatherman"
AIMS,20210714,01M01,ENVD,1,SW,July,12:50,01M,N1B,3,373.90979,dry,,,-96.577021,39.086665,HS,23.85950966,24.38889219,24.37854735,0.61961367,0.799256506,0.77342588,16.61853981,1.4,28.3099,,,,1.965986462,partly cloudy,,,"MW, KZ, EB",NA
AIMS,20210714,01M02,ENVD,1,SW,July,12:55,01M,N1B,3,375.4253235,pool,643.8,,-96.576332,39.086288,HS,24.64390788,24.85098885,24.55057015,0,0,0,15.35936356,1.51,27.8823,,,,6.791313277,,7.53,,"MW, KZ, EB",NA
AIMS,20210714,01M03,ENVD,1,SW,July,13:45,01M,N1B,3,378.8143921,dry,,,-96.575936,39.084711,HS,24.25041605,24.71452045,24.64109073,0,0,0,15.67690945,1.7,25.997,,,,4.621014623,windy,,,"MW, KZ, EB",NA
AIMS,20210714,01M04,ENVD,1,SW,July,13:55,01M,N1B,3,381.355896,dry,,,-96.575156,39.083636,LS,26.38013373,26.80699628,26.36727814,0,0,0,15.51594639,1.84,24.7503,,,,5.164930423,cloudy,,,"MW, KZ, EB",NA
AIMS,20210714,01M05,ENVD,1,SW,July,14:15,01M,N1B,3,384.7107544,pool,542.6,,-96.574188,39.082643,HS,25.46471025,25.07336059,25.11593456,0,0.058736059,0.096678235,15.9600172,2,19.8808,,,,2.666399599,sunny,8.06,30,"MW, KZ, EB",NA
AIMS,20210714,01M06,ENVD,1,SW,July,15:05,01M,N1B,2,394.2240906,dry,,,-96.571582,39.080649,HS,23.03383358,23.19818587,22.87089241,0,0,0.179474467,15.75028801,2.46,10.5589,,,,1.747324665,partly cloudy,,,"MW, KZ, EB",NA
AIMS,20210713,02M01,ENVD,1,SW,July,16:34,02M,N1A,1,353.3493958,dry,,,-96.58813,39.09188,LS,24.83931649,24.83547212,25.04773922,0,0,0,17.50626373,0.102,24.1532,,,,0.690609994,partly cloudy,,,"MW, KZ, EB",NA
AIMS,20210713,02M02,ENVD,1,SW,July,16:37,02M,N1A,1,356.2748718,dry,,,-96.58832556,39.09084425,HS,23.74008915,23.85296654,23.77779375,0.017830609,0.008921933,0.00594943,16.74125099,0.235,23.732,,,,1.458008466,partly cloudy,,,"MW, KZ, EB",NA
AIMS,20210713,02M03,ENVD,1,SW,July,16:43,02M,N2B,1,358.495636,dry,,,-96.58859,39.08991,HS,23.80350669,23.73695911,23.59748637,0.001485884,0.000743494,0.000495786,15.93150425,0.36,20.3529,,,,2.808448387,partly cloudy,,,"MW, KZ, EB",NA
AIMS,20210713,02M04,ENVD,1,SW,July,16:52,02M,N2B,1,364.2157288,dry,,,-96.589642,39.088242,,,,,,,,16.02225113,0.62,18.9885,,,,2.393399355,partly cloudy,,,"MW, KZ, EB",NA
AIMS,20210713,02M05,ENVD,1,SW,July,17:00,02M,N2B,1,367.7589417,pool,645.7,,-96.59082413,39.08698067,,,,,,,,16.33888054,0.809,17.783,,,,1.63363215,sunny,8.04,24.3,"MW, KZ, EB",NA
AIMS,20210713,02M06,ENVD,1,SW,July,17:47,02M,N2B,1,369.4064026,pool,595.3,,-96.591427,39.087237,HS,24.50961367,24.06292937,23.57473475,0.277860327,0.637174721,0.75805652,15.4359417,0.88,15.6919,,,,3.552439129,,7.95,29,"MW, KZ, EB",NA
AIMS,20210714,02M07,ENVD,1,SW,July,8:45,02M,N2B,1,373.2965393,flowing,639.1,,-96.59252,39.08648,HS,17.94240713,17.34660967,16.93406049,1,1,1,15.26016903,1.04,14.1328,,,,3.813568313,overcast,7.6,18.4,"MW, KZ, EB",NA
AIMS,20210714,02M08,ENVD,1,SW,July,9:45,02M,N2B,1,376.8670044,dry,,,-96.592913,39.085573,HS,25.66384844,26.07886989,26.12856222,0,0,0,15.93290806,1.2,12.9671,,,,1.787641455,sunny,,,"MW, KZ, EB",NA
AIMS,20210714,02M09,ENVD,1,SW,July,9:52,02M,N2B,1,379.9472046,dry,,,-96.59339,39.08482,HS,23.89459138,23.38911524,22.74777392,0.933135215,0.966542751,0.977689638,14.74790478,1.33,9.8943,,,,4.453773322,"cool, cloudy",,,"MW, KZ, EB",NA
AIMS,20210714,02M10,ENVD,1,SW,July,10:02,02M,N2B,1,387.2233887,pool,583.6,,-96.59357,39.08251,HS,22.69393759,21.60643866,20.64922657,1,1,1,14.12819386,1.6,6.1497,,,,5.140935224,cloudy,8.16,23.5,"MW, KZ, EB",NA
AIMS,20210714,02M11,ENVD,1,SW,July,10:58,02M,N2B,1,401.5448608,pool,563.6,,-96.593682,39.079249,HS,25.65881129,25.98957621,25.78277144,1,1,1,14.58442116,2,2.6741,,,,1.420063582,sunny but windy,7.75,24.5,"MW, KZ, EB",NA
AIMS,20210714,04M01,ENVD,1,SW,July,8:33,04M,N2B,2,355.1574097,flowing,605.6,,-96.586195,39.089842,HS,21.63216939,21.19573978,21.04207238,1,1,1,16.12752151,0.32,39.7602,,,,4.50414143,"windy, some clouds",7.7,21,"SR, JW",NA
AIMS,20210714,04M02,ENVD,1,SW,July,10:00,04M,N2B,2,362.0723267,flowing,582.6,,-96.58481,39.08775,HS,20.27549777,20.10282528,20.48672781,1,1,1,15.95807076,0.66,30.2096,,,,4.055731079,"windy, some clouds",8.35,21.6,"SR, JW",NA
AIMS,20210714,04M03,ENVD,1,SW,July,13:52,04M,N4D,2,364.9915771,pool,507.6,,-96.58366,39.08685,HS,24.83072808,25.05842379,25.11275657,0.004457652,0.002230483,0.001487357,17.71474266,0.81,29.302,,,,0.680164765,"cloudy, windy, hot",8.11,32.1,"SR, JW",NA
AIMS,20210714,04M04,ENVD,1,SW,July,14:47,04M,N4D,2,367.722168,flowing,579.9,,-96.58345,39.08576,HS,21.62111441,21.05658736,20.55201289,1,1,1,15.89907742,0.95,28.413,,,,4.046366321,"partially cloudy, windy",8.04,29,"SR, JW",NA
AIMS,20210714,04M05,ENVD,1,SW,July,11:16,04M,N4D,2,370.0584717,flowing,634.6,,-96.5831,39.08502,HS,19.58566122,19.17115985,18.79258304,1,1,1,16.17440605,1.06,23.8689,,,,2.583657999,cloudy with sun,8.03,23.7,"SR, JW",NA
AIMS,20210714,04M06,ENVD,1,SW,July,12:11,04M,N4D,2,372.0547791,pool,551,,-96.58342,39.084258,HS,22.56304606,22.69420074,22.76432821,0,0,0,15.63758564,1.2,23.3323,,,,4.314900413,cloudy with some sun,7.98,22.8,"SR, JW",NA
AIMS,20210714,04M07,ENVD,1,SW,July,17:58,04M,N4D,2,376.434906,dry,,,-96.58253,39.08278,HS,25.12983655,25.28281041,24.14969757,0,0.020817844,0.291026277,17.33314705,1.4,15.1506,,,,0.515087173,"cloudy, some sun",,,JW,NA
AIMS,20210714,04M08,ENVD,1,SW,July,19:12,04M,N4D,2,380.3074036,flowing,643.9,,-96.58221,39.08131,HS,19.07615156,18.61994796,18.17333664,0.73551263,0.867657993,0.911750124,15.45113182,1.6,13.8929,,,,3.098705989,"cloudy, sun setting",7.72,15.3,"SR, JW, EB",NA
AIMS,20210714,04M09,ENVD,1,SW,July,18:09,04M,N4D,2,384.8762207,dry,,,-96.581629,39.079941,HS,25.73090639,25.42695911,24.74880516,0,0.119702602,0.340604859,15.01551914,1.8,8.4654,,,,2.919221629,"cloudy, some sun",,,JW,NA
AIMS,20210714,04M10,ENVD,1,SW,July,18:15,04M,N4D,2,393.9353333,dry,,,-96.58289,39.077433,HS,23.11433878,23.24815613,23.06220625,0,0,0.1993059,14.87435055,2.1,6.5928,,,,2.618615199,"cloudy, some sun",,,JW,NA
AIMS,20210714,04M11,ENVD,1,SW,July,18:21,04M,N4D,2,404.717041,dry,,,-96.583835,39.074718,HS,25.05619614,25.78130112,25.34015369,0.007429421,0.003717472,0.188894398,13.76612186,2.5,2.8759,,,,3.458180553,"cloudy, sunny",,,JW,NA
AIMS,20210714,04M12,ENVD,1,SW,July,18:25,04M,N4D,1,407.2463074,dry,,,-96.584063,39.073158,HS,22.4717682,24.12495167,24.07423401,0.378900446,0.189591078,0.29300942,14.38844585,2.7,2.2526,,,,1.45519363,"cloudy, some sun",,,JW,NA
AIMS,20210714,04M13,ENVD,1,SW,July,18:31,04M,N4D,1,407.2463074,dry,,,-96.584299,39.070814,HS,26.36731055,26.76336803,26.61877045,0,0,0,14.38844585,2.93,2.2526,,,,1.45519363,"cloudy, sunset",,,JW,NA
AIMS,20210714,04T01,ENVD,1,SW,July,18:56,04M,N4B,1,379.5954285,dry,,,-96.584301,39.082362,HS,24.49288262,24.79558364,24.92701041,0,0,0,14.6586132,1.45,6.65,,,,3.276013653,"cloudy, sunsetting",,,JW,NA
AIMS,20210714,04T02,ENVD,1,SW,July,18:06,04M,N4B,1,387.0223694,dry,,,-96.580834,39.079705,,,,23.8428,,,0.568888889,13.50106335,1.8,3.6848,,,,5.763167458,"cloudy, some sun",,,JW,NA
AIMS,20210714,04W01,ENVD,1,SW,July,16:52,04W,N2B,1,360.5698242,dry,,,-96.58543,39.08816,HS,26.89521545,27.41698141,27.25711948,0,0,0,14.72917557,0.6,7.6246,,,,3.499689997,partly sunny,,,"MW, KZ",NA
AIMS,20210714,04W02,ENVD,1,SW,July,,04W,N2B,1,370.9928284,dry,,,-96.58689,39.08609,HS,23.02717682,23.15712268,23.00529003,0,0,0.010411502,14.14491558,0.88,6.1046,,,,5.019240788,cloudy,,,"MW, KZ, JW",NA
AIMS,20210714,04W03,ENVD,1,SW,July,18:05,04W,N2B,1,382.2555237,pool,570.3,,-96.58803867,39.08385954,HS,22.09078752,21.45077323,21.02521071,1,1,1,13.66539764,1.2,4.2006,,,,5.575492804,cloudy,7.79,21.9,"MW, KZ, JW",NA
AIMS,20210714,04W04,ENVD,1,SW,July,17:49,04W,N2B,1,391.0866699,flowing,621.6,,-96.58866,39.08223,LS,21.22445765,21.1403197,20.72638076,1,1,1,14.39993095,1.4,2.9436,,,,1.879598913,cloudy,7.6,17.5,"MW, KZ, JW",NA
AIMS,20210713,20M01,ENVD,1,SW,July,16:51,20M,N20B,1,371.0545349,dry,,,-96.57694,39.08838,HS,24.54760773,24.40835688,24.72770451,0,0,0,14.87513256,1.31,18.9453,,,,7.481488741,"hot, partially cloudy",,,"SR, JW",NA
AIMS,20210713,20M02,ENVD,1,SW,July,17:22,20M,N20B,1,378.9335327,dry,,,-96.5737,39.08921,HS,21.4671471,21.51840149,21.80194844,0,0,0,16.0319767,1.65,16.3166,,,,2.037042638,"cloudy, hot",,,"SR, JW",NA
AIMS,20210713,20M03,ENVD,1,SW,July,17:33,20M,N20B,1,385.9613342,dry,,,-96.57178,39.08822,,,,,,,,15.66395473,1.91,9.0899,,,,1.639925733,"hot, cloudy, humid",,,"SR, JW",NA
AIMS,20210713,20M04,ENVD,1,SW,July,17:43,20M,N20B,1,389.7962036,dry,,,-96.57111,39.08709,HS,25.03796434,25.10576952,25.23704016,0,0,0,15.41920757,2.06,8.6075,,,,1.983258448,hot humid,,,"SR, JW",NA
AIMS,20210714,20M05,ENVD,1,SW,July,15:35,20M,N20B,1,401.0048828,pool,521.4,,-96.568,39.086,HS,21.91057949,22.0538513,22.15302925,0.893016345,0.906319703,0.935052058,13.70702839,2.4,5.444,,,,6.919350964,overcast,8.07,27.3,"MW, KZ, EB",NA
AIMS,20210713,SFM01,ENVD,1,SW,July,11:22,SFM,N1A,3,350.8111572,pool,637.3,,-96.587193,39.092281,HS,20.53156018,18.78360595,18.18220625,0.687964339,0.843866171,0.895884978,18.44983101,0,132.6873,7,,,1.476474482,"sunny, hot",7.73,23.8,"JW, SR, EB, MW, KZ",NA
AIMS,20210713,SFM02,ENVD,1,SW,July,13:06,SFM,N4B,3,352.7506104,dry,,,-96.58632,39.09126,HS,23.49053492,23.50735316,23.42331681,0,0,0,17.58334923,0.14,107.6787,4.18,,,2.848214171,"shady, sunny, warm",,,"KZ, JW, SR, EB, MW",NA
AIMS,20210713,SFM03,ENVD,1,SW,July,14:20,SFM,N4B,3,353.4151611,dry,,,-96.58578,39.09099,LS,23.9835364,23.71507807,23.07033713,0,0,0.048091225,18.85499001,0.18,67.0512,2.6,,,0.497656872,,,,"SR, JW, MW, EB, KZ",NA
AIMS,20210713,SFM04,ENVD,1,SW,July,14:30,SFM,N4B,3,356.1382751,dry,,,-96.5844,39.09089,HS,22.67583952,22.56449814,22.30848785,0,0,0.03916708,18.68798256,0.35,60.9054,,,,0.53420538,sunny,,,"JW, SR, EB, MW, KZ",NA
AIMS,20210713,SFM05,ENVD,1,SW,July,14:45,SFM,N4B,3,361.0678101,pool,667.8,,-96.58186,39.09019,HS,23.90930163,23.25716729,22.57005949,0.157503715,0.505576208,0.670302429,16.93181992,0.66,58.6702,3,,,2.977030614,sunny,7.53,27.2,"JW, SR, EB, MW, KZ",NA
AIMS,20210713,SFM06,ENVD,1,SW,July,15:40,SFM,N20B,3,365.2245483,dry,,,-96.57941,39.0895,,,,,,,,16.90305519,0.91,51.0121,2.5,,,2.664457202,"cloudy, warm",,,"JW, SR, EB, MW, KZ",NA
AIMS,20210713,SFM07,ENVD,1,SW,July,16:40,SFM,N20B,3,367.3485718,dry,,,-96.578458,39.088683,HS,23.13959881,23.14175465,23.25111056,0.001485884,0.000743494,0.000495786,17.54718971,1.1,49.9061,,,,1.369543574,"cloudy, hot",,,"SR, JW",NA
AIMS,20210713,SFT01,ENVD,1,SW,July,13:15,SFM,N4B,1,356.8398438,pool,637.1,,-96.58517,39.09185,HS,22.73307578,21.53837175,20.67959841,0.145616642,0.48401487,0.655924641,13.78743362,0.3,4.5053,,,,5.294576991,"sunny, hot",7.83,26.1,"JW, SR, EB, MW, KZ",NA
AIMS,20210713,SFT02,ENVD,1,SW,July,15:53,SFM,N4B,1,372.4689026,dry,,,-96.57852,39.09105,HS,26.63197623,26.52065428,26.45601884,0,0,0,14.25018978,1.01,4.8346,,,,3.58234839,"cloudy, somewhat sunny",,,"JW, SR, EB, MW, KZ",NA
AIMS,20210810,01M01,ENVD,1,SW,August,14:33,01M,N1B,3,373.90979,pool,172,,-96.577021,39.086665,HS,24.94362556,25.4785948,25.30964799,0.252600297,0.167286245,0.2657412,16.61853981,1.4,28.3099,,,,1.965986462,"hot, humid, cloudy",7.9,34.4,"SR, KZ",NA
AIMS,20210810,01M02,ENVD,1,SW,August,16:11,01M,N1B,3,375.4253235,dry,,,-96.576332,39.086288,HS,26.72472511,27.32626022,27.02094695,0,0,0,15.35936356,1.51,27.8823,,,,6.791313277,"humid, cloudy",,,"SR, KZ",NA
AIMS,20210811,01M03,ENVD,1,SW,August,8:33,01M,N1B,3,378.8143921,dry,,,-96.575936,39.084711,HS,26.62054978,26.84862454,26.89678235,0,0,0,15.67690945,1.7,25.997,,,,4.621014623,"breeze, cool, sunny",,,"SR, KZ",NA
AIMS,20210811,01M04,ENVD,1,SW,August,8:50,01M,N1B,3,381.355896,dry,,,-96.575156,39.083636,LS,28.20368499,28.91710781,29.12624194,0,0,0,15.51594639,1.84,24.7503,,,,5.164930423,"humid, sunny",,,"SR, KZ",NA
AIMS,20210811,01M05,ENVD,1,SW,August,9:00,01M,N1B,3,384.7107544,pool,574.8,,-96.574188,39.082643,HS,25.90111441,26.16631227,26.2353644,1,1,0.866137828,15.9600172,2,19.8808,,,,2.666399599,sunny,8.18,25,"SR, KZ",NA
AIMS,20210811,01M06,ENVD,1,SW,August,9:28,01M,N1B,2,394.2240906,dry,,,-96.571582,39.080649,HS,25.41753343,25.19580669,25.14301934,0,0,0,15.75028801,2.46,10.5589,,,,1.747324665,partly sunny,,,"JW, EB, MW",NA
AIMS,20210811,02M01,ENVD,1,SW,August,18:26,02M,N1A,1,353.3493958,dry,,,-96.58813,39.09188,LS,26.02016345,25.95707807,26.0095885,0,0,0,17.50626373,0.102,24.1532,,,,0.690609994,HOT & humid,,,"JW, EB, MW",NA
AIMS,20210811,02M02,ENVD,1,SW,August,18:36,02M,N1A,1,356.2748718,dry,,,-96.58832556,39.09084425,HS,25.70255572,25.66102602,25.63854239,0,0,0,16.74125099,0.235,23.732,,,,1.458008466,"HOT, humid",,,"JW, EB, MW",NA
AIMS,20210811,02M03,ENVD,1,SW,August,18:44,02M,N2B,1,358.495636,dry,,,-96.58859,39.08991,HS,25.6151263,25.64778439,25.5280119,0.008915305,0.004460967,0.002974715,15.93150425,0.36,20.3529,,,,2.808448387,HOT & humid,,,"JW, EB, MW",NA
AIMS,20210811,02M04,ENVD,1,SW,August,18:50,02M,N2B,1,364.2157288,dry,,,-96.589642,39.088242,,,,,,,,16.02225113,0.62,18.9885,,,,2.393399355,HOT & humid,,,"JW, EB, MW",NA
AIMS,20210812,02M05,ENVD,1,SW,August,8:21,02M,N2B,1,367.7589417,flowing,,,-96.59082413,39.08698067,,,,,,,,16.33888054,0.809,17.783,,,,1.63363215,"Sunny, breezy",,20.6,"JW, EB, MW",NA
AIMS,20210812,02M06,ENVD,1,SW,August,9:18,02M,N2B,1,369.4064026,pool,,,-96.591427,39.087237,HS,27.3305052,26.7367658,26.88151215,0,0,0.037679722,15.4359417,0.88,15.6919,,,,3.552439129,"Hot, breezy",,,"JW, EB, MW",NA
AIMS,20210812,02M07,ENVD,1,SW,August,9:57,02M,N2B,1,373.2965393,pool,,,-96.59252,39.08648,HS,24.69441308,24.31162082,23.07345067,1,1,1,15.26016903,1.04,14.1328,,,,3.813568313,"Hot, breezy",,,"JW, EB, MW",NA
AIMS,20210811,02M08,ENVD,1,SW,August,19:05,02M,N2B,1,376.8670044,dry,,,-96.592913,39.085573,HS,28.14344725,28.20174721,28.27005949,0,0,0,15.93290806,1.2,12.9671,,,,1.787641455,HOT & humid,,,"JW, EB, MW",NA
AIMS,20210811,02M09,ENVD,1,SW,August,19:09,02M,N2B,1,379.9472046,dry,,,-96.59339,39.08482,HS,26.83194651,26.41298141,26.20766981,0.127786033,0.272862454,0.507188894,14.74790478,1.33,9.8943,,,,4.453773322,HOT & humid,,,"JW, EB, MW",NA
AIMS,20210811,02M10,ENVD,1,SW,August,19:19,02M,N2B,1,387.2233887,dry,,,-96.59357,39.08251,HS,25.26218425,25.52832714,25.35174517,1,1,1,14.12819386,1.6,6.1497,,,,5.140935224,Sunny & humid,,,"JW, EB, MW",NA
AIMS,20210811,02M11,ENVD,1,SW,August,19:30,02M,N2B,1,401.5448608,dry,,,-96.593682,39.079249,HS,26.49268945,27.06146468,27.24705007,1,1,1,14.58442116,2,2.6741,,,,1.420063582,"HOT, breezy",,,"JW, EB, MW",NA
AIMS,20210811,04M01,ENVD,1,SW,August,10:29,04M,N2B,2,355.1574097,pool,543.4,,-96.586195,39.089842,HS,25.05472511,24.74050558,23.88627665,0.952451709,0.976208178,0.984134854,16.12752151,0.32,39.7602,,,,4.50414143,"sunny, humid",8.22,24.5,"SR, KZ",NA
AIMS,20210811,04M02,ENVD,1,SW,August,11:44,04M,N2B,2,362.0723267,pool,NA,,-96.58481,39.08775,HS,24.70913819,24.52525651,23.46752107,1,0.9866171,0.991075855,15.95807076,0.66,30.2096,,,,4.055731079,cloudy & sunny,8.2,26.2,"SR, KZ",NA
AIMS,20210811,04M03,ENVD,1,SW,August,13:11,04M,N4D,2,364.9915771,pool,NA,,-96.58366,39.08685,HS,26.17225854,25.97652788,26.0070947,0,0,0,17.71474266,0.81,29.302,,,,0.680164765,"sunny, humid, warm",8.05,33.8,"SR, KZ",NA
AIMS,20210811,04M04,ENVD,1,SW,August,14:11,04M,N4D,2,367.722168,flowing,NA,,-96.58345,39.08576,HS,24.12741456,24.23587361,23.78974715,1,1,1,15.89907742,0.95,28.413,,,,4.046366321,"warm, sunny",8.02,27.9,"SR, KZ",NA
AIMS,20210811,04M05,ENVD,1,SW,August,18:36,04M,N4D,2,370.0584717,flowing,,,-96.5831,39.08502,HS,21.7405052,21.535829,21.19349033,1,1,1,16.17440605,1.06,23.8689,,,,2.583657999,"warm, sunny",,25,"SR, KZ",NA
AIMS,20210812,04M06,ENVD,1,SW,August,9:00,04M,N4D,2,372.0547791,pool,,,-96.58342,39.084258,HS,25.32307578,24.40663197,24.621765,0,0,0,15.63758564,1.2,23.3323,,,,4.314900413,"sunny, windy, lil cool",,20.8,"SR, KZ",NA
AIMS,20210812,04M07,ENVD,1,SW,August,10:01,04M,N4D,2,376.434906,dry,,,-96.58253,39.08278,HS,26.84542348,26.74524907,27.14474963,0,0,0,17.33314705,1.4,15.1506,,,,0.515087173,"sunny, humid",,,"SR, KZ",NA
AIMS,20210812,04M08,ENVD,1,SW,August,10:33,04M,N4D,2,380.3074036,flowing,,,-96.58221,39.08131,HS,22.21578009,21.716171,21.35810114,0.943536404,0.971747212,0.74615766,15.45113182,1.6,13.8929,,,,3.098705989,sunny + warm,,21.2,"SR, KZ",NA
AIMS,20210811,04M09,ENVD,1,SW,August,11:36,04M,N4D,2,384.8762207,dry,,,-96.581629,39.079941,HS,27.69583952,27.8815539,28.0091175,0,0,0,15.01551914,1.8,8.4654,,,,2.919221629,sunny with clouds,,,JW EB,NA
AIMS,20210811,04M10,ENVD,1,SW,August,11:30,04M,N4D,2,393.9353333,dry,,,-96.58289,39.077433,HS,24.98481426,24.77521933,24.73521567,0,0,0,14.87435055,2.1,6.5928,,,,2.618615199,"sunny, hot, humid",,,JW EB,NA
AIMS,20210811,04M11,ENVD,1,SW,August,11:00,04M,N4D,2,404.717041,dry,,,-96.583835,39.074718,HS,26.58940565,26.78052045,26.71084779,0.002971768,0.001486989,0.000991572,13.76612186,2.5,2.8759,,,,3.458180553,"hot, windy, humid",,,JW EB,NA
AIMS,20210811,04M12,ENVD,1,SW,August,11:00,04M,N4D,1,407.2463074,dry,,,-96.584063,39.073158,HS,24.18909361,23.98627509,23.89490332,0.286775632,0.143494424,0.196331185,14.38844585,2.7,2.2526,,,,1.45519363,"sunny, humid",,,JW EB,NA
AIMS,20210811,04M13,ENVD,1,SW,August,10:54,04M,N4D,1,407.2463074,dry,,,-96.584299,39.070814,HS,27.88860327,28.20660223,28.28598413,0,0,0,14.38844585,2.93,2.2526,,,,1.45519363,"sunny, humid",,,JW EB,NA
AIMS,20210811,04T01,ENVD,1,SW,August,11:40,04M,N4B,1,379.5954285,dry,,,-96.584301,39.082362,HS,26.97832095,27.00019331,26.90644026,0,0,0,14.6586132,1.45,6.65,,,,3.276013653,sunny & cloudy,,,JW EB,NA
AIMS,20210811,04T02,ENVD,1,SW,August,11:50,04M,N4B,1,387.0223694,dry,,,-96.580834,39.079705,,,,,,,,13.50106335,1.8,3.6848,,,,5.763167458,sunny & cloudy,,,JW EB,NA
AIMS,20210811,04W01,ENVD,1,SW,August,13:13,04W,N2B,1,360.5698242,dry,,,-96.58543,39.08816,HS,28.16307578,28.75247584,28.90880516,0,0,0,14.72917557,0.6,7.6246,,,,3.499689997,Sunny + hot,,,"JW, EB, MW",NA
AIMS,20210811,04W02,ENVD,1,SW,August,13:20,04W,N2B,1,370.9928284,dry,,,-96.58689,39.08609,HS,21.15041667,24.76447581,24.8561935,0,0,0,14.14491558,0.88,6.1046,,,,5.019240788,Sunny + hot,,,"JW, EB, MW",NA
AIMS,20210811,04W03,ENVD,1,SW,August,13:27,04W,N2B,1,382.2555237,pool,596,,-96.58803867,39.08385954,HS,22.25844828,24.0784279,23.95317523,1,1,1,13.66539764,1.2,4.2006,,,,5.575492804,hot + sunny,8.31,23.4,"JW, EB, MW",NA
AIMS,20210811,04W04,ENVD,1,SW,August,14:30,04W,N2B,1,391.0866699,pool,664.3,,-96.58866,39.08223,LS,22.05300149,22.47899628,22.55839861,1,1,1,14.39993095,1.4,2.9436,,,,1.879598913,sunny,8.16,21.2,"JW, EB, MW",NA
AIMS,20210810,20M01,ENVD,1,SW,August,14:41,20M,N20B,1,371.0545349,dry,,,-96.57694,39.08838,HS,26.23218425,27.02652788,26.63931582,0,0,0.100644522,14.87513256,1.31,18.9453,,,,7.481488741,overcast & humid,,,"JW, EB, MW",NA
AIMS,20210810,20M02,ENVD,1,SW,August,15:10,20M,N20B,1,378.9335327,dry,,,-96.5737,39.08921,HS,22.45150074,22.88490706,22.72121963,0,0,0,16.0319767,1.65,16.3166,,,,2.037042638,partly cloudy,,,"JW, EB, MW",NA
AIMS,20210810,20M03,ENVD,1,SW,August,15:50,20M,N20B,1,385.9613342,dry,,,-96.57178,39.08822,,,,,,,,15.66395473,1.91,9.0899,,,,1.639925733,cloudy w/ sun,,,"JW, EB, MW",NA
AIMS,20210810,20M04,ENVD,1,SW,August,15:38,20M,N20B,1,389.7962036,dry,,,-96.57111,39.08709,HS,26.50702823,27.32387361,27.0247298,0,0,0,15.41920757,2.06,8.6075,,,,1.983258448,sunny,,,"JW, EB, MW",NA
AIMS,20210811,20M05,ENVD,1,SW,August,8:38,20M,N20B,1,401.0048828,dry,,,-96.568,39.086,HS,23.91164933,23.92952416,23.89132375,0.778603269,0.889219331,0.926127913,13.70702839,2.4,5.444,,,,6.919350964,"sunny, hot",,,"JW, EB, MW",NA
AIMS,20210810,SFM01,ENVD,1,SW,August,10:55,SFM,N1A,3,350.8111572,dry,,,-96.587193,39.092281,HS,24.80343239,24.40849071,22.42849777,0,0.196282528,0.464055528,18.44983101,0,132.6873,,,,1.476474482,"windy, coolish",,,"KZ, EB, JW, MW, SR",NA
AIMS,20210810,SFM02,ENVD,1,SW,August,11:11,SFM,N4B,3,352.7506104,dry,,,-96.58632,39.09126,HS,24.95057949,25.44898885,25.28404561,0,0,0,17.58334923,0.14,107.6787,,,,2.848214171,cloudy,,,"KZ, EB, JW, MW, SR",NA
AIMS,20210810,SFM03,ENVD,1,SW,August,11:15,SFM,N4B,3,353.4151611,dry,,,-96.58578,39.09099,LS,24.85937593,25.55625279,25.46813585,0,0,0,18.85499001,0.18,67.0512,,,,0.497656872,"humid, cloudy",,,"KZ, EB, JW, MW, SR",NA
AIMS,20210810,SFM04,ENVD,1,SW,August,12:05,SFM,N4B,3,356.1382751,dry,,,-96.5844,39.09089,HS,23.19374443,23.62696654,23.5021765,0,0,0,18.68798256,0.35,60.9054,,,,0.53420538,cloudy,,,"KZ, EB, JW, MW, SR",NA
AIMS,20210810,SFM05,ENVD,1,SW,August,1:16,SFM,N4B,3,361.0678101,dry,,,-96.58186,39.09019,HS,26.72630015,27.47232714,26.58310858,0,0,0.184928111,16.93181992,0.66,58.6702,,,,2.977030614,"cloudy, humid",,,"KZ, EB, JW, MW, SR",NA
AIMS,20210810,SFM06,ENVD,1,SW,August,13:30,SFM,N20B,3,365.2245483,dry,,,-96.57941,39.0895,,,,,,,,16.90305519,0.91,51.0121,,,,2.664457202,NA,,,"KZ, EB, JW, MW, SR",NA
AIMS,20210810,SFM07,ENVD,1,SW,August,13:59,SFM,N20B,3,367.3485718,dry,,,-96.578458,39.088683,HS,24.70536404,25.26399257,25.07528012,0,0,0,17.54718971,1.1,49.9061,,,,1.369543574,"cloudy, lil breeze",,,"KZ, EB, JW, MW, SR",NA
AIMS,20210810,SFT01,ENVD,1,SW,August,11:25,SFM,N4B,1,356.8398438,pool,603.2,,-96.58517,39.09185,HS,24.77340267,25.05838662,23.41450174,0,0.06394052,0.368368865,13.78743362,0.3,4.5053,,,,5.294576991,overcast,8.18,22.4,"KZ, EB, JW, MW, SR",NA
AIMS,20210810,SFT02,ENVD,1,SW,August,13:43,SFM,N4B,1,372.4689026,dry,,,-96.57852,39.09105,HS,28.78092125,29.70869888,29.21045117,0,0,0,14.25018978,1.01,4.8346,,,,3.58234839,"partly sunny, hot, humid",,,"KZ, EB, JW, MW, SR",NA
,,,,,,,,,,,,,,,,,,,,,,,,,,,,,,,,,,,
,,,,,,,,,,,,,,,,,,,,,,,,,,,,,,,,,,,
,,,,,,,,,,,,,,,,,,,,,,,,,,,,,,,,,,,
,,,,,,,,,,,,,,,,,,,,,,,,,,,,,,,,,,,
,,,,,,,,,,,,,,,,,,,,,,,,,,,,,,,,,,,
,,,,,,,,,,,,,,,,,,,,,,,,,,,,,,,,,,,
,,,,,,,,,,,,,,,,,,,,,,,,,,,,,,,,,,,
,,,,,,,,,,,,,,,,,,,,,,,,,,,,,,,,,,,
,,,,,,,,,,,,,,,,,,,,,,,,,,,,,,,,,,,
,,,,,,,,,,,,,,,,,,,,,,,,,,,,,,,,,,,
,,,,,,,,,,,,,,,,,,,,,,,,,,,,,,,,,,,
,,,,,,,,,,,,,,,,,,,,,,,,,,,,,,,,,,,
,,,,,,,,,,,,,,,,,,,,,,,,,,,,,,,,,,,
,,,,,,,,,,,,,,,,,,,,,,,,,,,,,,,,,,,
,,,,,,,,,,,,,,,,,,,,,,,,,,,,,,,,,,,
,,,,,,,,,,,,,,,,,,,,,,,,,,,,,,,,,,,
,,,,,,,,,,,,,,,,,,,,,,,,,,,,,,,,,,,
,,,,,,,,,,,,,,,,,,,,,,,,,,,,,,,,,,,
,,,,,,,,,,,,,,,,,,,,,,,,,,,,,,,,,,,
,,,,,,,,,,,,,,,,,,,,,,,,,,,,,,,,,,,
,,,,,,,,,,,,,,,,,,,,,,,,,,,,,,,,,,,
,,,,,,,,,,,,,,,,,,,,,,,,,,,,,,,,,,,
,,,,,,,,,,,,,,,,,,,,,,,,,,,,,,,,,,,
,,,,,,,,,,,,,,,,,,,,,,,,,,,,,,,,,,,
,,,,,,,,,,,,,,,,,,,,,,,,,,,,,,,,,,,
,,,,,,,,,,,,,,,,,,,,,,,,,,,,,,,,,,,
,,,,,,,,,,,,,,,,,,,,,,,,,,,,,,,,,,,
,,,,,,,,,,,,,,,,,,,,,,,,,,,,,,,,,,,
,,,,,,,,,,,,,,,,,,,,,,,,,,,,,,,,,,,
,,,,,,,,,,,,,,,,,,,,,,,,,,,,,,,,,,,
,,,,,,,,,,,,,,,,,,,,,,,,,,,,,,,,,,,
,,,,,,,,,,,,,,,,,,,,,,,,,,,,,,,,,,,
,,,,,,,,,,,,,,,,,,,,,,,,,,,,,,,,,,,
,,,,,,,,,,,,,,,,,,,,,,,,,,,,,,,,,,,
,,,,,,,,,,,,,,,,,,,,,,,,,,,,,,,,,,,
,,,,,,,,,,,,,,,,,,,,,,,,,,,,,,,,,,,
,,,,,,,,,,,,,,,,,,,,,,,,,,,,,,,,,,,
,,,,,,,,,,,,,,,,,,,,,,,,,,,,,,,,,,,
,,,,,,,,,,,,,,,,,,,,,,,,,,,,,,,,,,,
,,,,,,,,,,,,,,,,,,,,,,,,,,,,,,,,,,,
,,,,,,,,,,,,,,,,,,,,,,,,,,,,,,,,,,,
,,,,,,,,,,,,,,,,,,,,,,,,,,,,,,,,,,,
,,,,,,,,,,,,,,,,,,,,,,,,,,,,,,,,,,,
,,,,,,,,,,,,,,,,,,,,,,,,,,,,,,,,,,,
,,,,,,,,,,,,,,,,,,,,,,,,,,,,,,,,,,,
,,,,,,,,,,,,,,,,,,,,,,,,,,,,,,,,,,,
,,,,,,,,,,,,,,,,,,,,,,,,,,,,,,,,,,,
,,,,,,,,,,,,,,,,,,,,,,,,,,,,,,,,,,,
,,,,,,,,,,,,,,,,,,,,,,,,,,,,,,,,,,,
,,,,,,,,,,,,,,,,,,,,,,,,,,,,,,,,,,,
,,,,,,,,,,,,,,,,,,,,,,,,,,,,,,,,,,,
,,,,,,,,,,,,,,,,,,,,,,,,,,,,,,,,,,,
,,,,,,,,,,,,,,,,,,,,,,,,,,,,,,,,,,,
,,,,,,,,,,,,,,,,,,,,,,,,,,,,,,,,,,,
,,,,,,,,,,,,,,,,,,,,,,,,,,,,,,,,,,,
,,,,,,,,,,,,,,,,,,,,,,,,,,,,,,,,,,,
,,,,,,,,,,,,,,,,,,,,,,,,,,,,,,,,,,,
,,,,,,,,,,,,,,,,,,,,,,,,,,,,,,,,,,,
,,,,,,,,,,,,,,,,,,,,,,,,,,,,,,,,,,,
,,,,,,,,,,,,,,,,,,,,,,,,,,,,,,,,,,,
,,,,,,,,,,,,,,,,,,,,,,,,,,,,,,,,,,,
,,,,,,,,,,,,,,,,,,,,,,,,,,,,,,,,,,,
,,,,,,,,,,,,,,,,,,,,,,,,,,,,,,,,,,,
,,,,,,,,,,,,,,,,,,,,,,,,,,,,,,,,,,,
,,,,,,,,,,,,,,,,,,,,,,,,,,,,,,,,,,,
,,,,,,,,,,,,,,,,,,,,,,,,,,,,,,,,,,,
,,,,,,,,,,,,,,,,,,,,,,,,,,,,,,,,,,,
,,,,,,,,,,,,,,,,,,,,,,,,,,,,,,,,,,,
,,,,,,,,,,,,,,,,,,,,,,,,,,,,,,,,,,,
,,,,,,,,,,,,,,,,,,,,,,,,,,,,,,,,,,,
,,,,,,,,,,,,,,,,,,,,,,,,,,,,,,,,,,,
,,,,,,,,,,,,,,,,,,,,,,,,,,,,,,,,,,,
,,,,,,,,,,,,,,,,,,,,,,,,,,,,,,,,,,,
,,,,,,,,,,,,,,,,,,,,,,,,,,,,,,,,,,,
,,,,,,,,,,,,,,,,,,,,,,,,,,,,,,,,,,,
,,,,,,,,,,,,,,,,,,,,,,,,,,,,,,,,,,,
,,,,,,,,,,,,,,,,,,,,,,,,,,,,,,,,,,,
,,,,,,,,,,,,,,,,,,,,,,,,,,,,,,,,,,,
,,,,,,,,,,,,,,,,,,,,,,,,,,,,,,,,,,,
,,,,,,,,,,,,,,,,,,,,,,,,,,,,,,,,,,,
,,,,,,,,,,,,,,,,,,,,,,,,,,,,,,,,,,,
,,,,,,,,,,,,,,,,,,,,,,,,,,,,,,,,,,,
,,,,,,,,,,,,,,,,,,,,,,,,,,,,,,,,,,,
,,,,,,,,,,,,,,,,,,,,,,,,,,,,,,,,,,,
,,,,,,,,,,,,,,,,,,,,,,,,,,,,,,,,,,,
,,,,,,,,,,,,,,,,,,,,,,,,,,,,,,,,,,,
,,,,,,,,,,,,,,,,,,,,,,,,,,,,,,,,,,,
,,,,,,,,,,,,,,,,,,,,,,,,,,,,,,,,,,,
,,,,,,,,,,,,,,,,,,,,,,,,,,,,,,,,,,,
,,,,,,,,,,,,,,,,,,,,,,,,,,,,,,,,,,,
,,,,,,,,,,,,,,,,,,,,,,,,,,,,,,,,,,,
,,,,,,,,,,,,,,,,,,,,,,,,,,,,,,,,,,,
,,,,,,,,,,,,,,,,,,,,,,,,,,,,,,,,,,,
,,,,,,,,,,,,,,,,,,,,,,,,,,,,,,,,,,,
,,,,,,,,,,,,,,,,,,,,,,,,,,,,,,,,,,,
,,,,,,,,,,,,,,,,,,,,,,,,,,,,,,,,,,,
,,,,,,,,,,,,,,,,,,,,,,,,,,,,,,,,,,,
,,,,,,,,,,,,,,,,,,,,,,,,,,,,,,,,,,,
,,,,,,,,,,,,,,,,,,,,,,,,,,,,,,,,,,,
,,,,,,,,,,,,,,,,,,,,,,,,,,,,,,,,,,,
,,,,,,,,,,,,,,,,,,,,,,,,,,,,,,,,,,,
,,,,,,,,,,,,,,,,,,,,,,,,,,,,,,,,,,,
,,,,,,,,,,,,,,,,,,,,,,,,,,,,,,,,,,,
,,,,,,,,,,,,,,,,,,,,,,,,,,,,,,,,,,,
,,,,,,,,,,,,,,,,,,,,,,,,,,,,,,,,,,,
,,,,,,,,,,,,,,,,,,,,,,,,,,,,,,,,,,,
,,,,,,,,,,,,,,,,,,,,,,,,,,,,,,,,,,,
,,,,,,,,,,,,,,,,,,,,,,,,,,,,,,,,,,,
,,,,,,,,,,,,,,,,,,,,,,,,,,,,,,,,,,,
,,,,,,,,,,,,,,,,,,,,,,,,,,,,,,,,,,,
,,,,,,,,,,,,,,,,,,,,,,,,,,,,,,,,,,,
,,,,,,,,,,,,,,,,,,,,,,,,,,,,,,,,,,,
,,,,,,,,,,,,,,,,,,,,,,,,,,,,,,,,,,,
,,,,,,,,,,,,,,,,,,,,,,,,,,,,,,,,,,,
,,,,,,,,,,,,,,,,,,,,,,,,,,,,,,,,,,,
,,,,,,,,,,,,,,,,,,,,,,,,,,,,,,,,,,,
,,,,,,,,,,,,,,,,,,,,,,,,,,,,,,,,,,,
,,,,,,,,,,,,,,,,,,,,,,,,,,,,,,,,,,,
,,,,,,,,,,,,,,,,,,,,,,,,,,,,,,,,,,,
,,,,,,,,,,,,,,,,,,,,,,,,,,,,,,,,,,,
,,,,,,,,,,,,,,,,,,,,,,,,,,,,,,,,,,,
,,,,,,,,,,,,,,,,,,,,,,,,,,,,,,,,,,,
,,,,,,,,,,,,,,,,,,,,,,,,,,,,,,,,,,,
,,,,,,,,,,,,,,,,,,,,,,,,,,,,,,,,,,,
,,,,,,,,,,,,,,,,,,,,,,,,,,,,,,,,,,,
,,,,,,,,,,,,,,,,,,,,,,,,,,,,,,,,,,,
,,,,,,,,,,,,,,,,,,,,,,,,,,,,,,,,,,,
,,,,,,,,,,,,,,,,,,,,,,,,,,,,,,,,,,,
,,,,,,,,,,,,,,,,,,,,,,,,,,,,,,,,,,,
,,,,,,,,,,,,,,,,,,,,,,,,,,,,,,,,,,,
,,,,,,,,,,,,,,,,,,,,,,,,,,,,,,,,,,,
,,,,,,,,,,,,,,,,,,,,,,,,,,,,,,,,,,,
,,,,,,,,,,,,,,,,,,,,,,,,,,,,,,,,,,,
,,,,,,,,,,,,,,,,,,,,,,,,,,,,,,,,,,,
,,,,,,,,,,,,,,,,,,,,,,,,,,,,,,,,,,,
,,,,,,,,,,,,,,,,,,,,,,,,,,,,,,,,,,,
,,,,,,,,,,,,,,,,,,,,,,,,,,,,,,,,,,,
,,,,,,,,,,,,,,,,,,,,,,,,,,,,,,,,,,,
,,,,,,,,,,,,,,,,,,,,,,,,,,,,,,,,,,,
,,,,,,,,,,,,,,,,,,,,,,,,,,,,,,,,,,,
,,,,,,,,,,,,,,,,,,,,,,,,,,,,,,,,,,,
,,,,,,,,,,,,,,,,,,,,,,,,,,,,,,,,,,,
,,,,,,,,,,,,,,,,,,,,,,,,,,,,,,,,,,,
,,,,,,,,,,,,,,,,,,,,,,,,,,,,,,,,,,,
,,,,,,,,,,,,,,,,,,,,,,,,,,,,,,,,,,,
,,,,,,,,,,,,,,,,,,,,,,,,,,,,,,,,,,,
,,,,,,,,,,,,,,,,,,,,,,,,,,,,,,,,,,,
,,,,,,,,,,,,,,,,,,,,,,,,,,,,,,,,,,,
,,,,,,,,,,,,,,,,,,,,,,,,,,,,,,,,,,,
,,,,,,,,,,,,,,,,,,,,,,,,,,,,,,,,,,,
,,,,,,,,,,,,,,,,,,,,,,,,,,,,,,,,,,,
,,,,,,,,,,,,,,,,,,,,,,,,,,,,,,,,,,,
,,,,,,,,,,,,,,,,,,,,,,,,,,,,,,,,,,,
,,,,,,,,,,,,,,,,,,,,,,,,,,,,,,,,,,,
,,,,,,,,,,,,,,,,,,,,,,,,,,,,,,,,,,,
,,,,,,,,,,,,,,,,,,,,,,,,,,,,,,,,,,,
,,,,,,,,,,,,,,,,,,,,,,,,,,,,,,,,,,,
,,,,,,,,,,,,,,,,,,,,,,,,,,,,,,,,,,,
,,,,,,,,,,,,,,,,,,,,,,,,,,,,,,,,,,,
,,,,,,,,,,,,,,,,,,,,,,,,,,,,,,,,,,,
,,,,,,,,,,,,,,,,,,,,,,,,,,,,,,,,,,,
,,,,,,,,,,,,,,,,,,,,,,,,,,,,,,,,,,,
,,,,,,,,,,,,,,,,,,,,,,,,,,,,,,,,,,,
,,,,,,,,,,,,,,,,,,,,,,,,,,,,,,,,,,,
,,,,,,,,,,,,,,,,,,,,,,,,,,,,,,,,,,,
,,,,,,,,,,,,,,,,,,,,,,,,,,,,,,,,,,,
,,,,,,,,,,,,,,,,,,,,,,,,,,,,,,,,,,,
,,,,,,,,,,,,,,,,,,,,,,,,,,,,,,,,,,,
,,,,,,,,,,,,,,,,,,,,,,,,,,,,,,,,,,,
,,,,,,,,,,,,,,,,,,,,,,,,,,,,,,,,,,,
,,,,,,,,,,,,,,,,,,,,,,,,,,,,,,,,,,,
,,,,,,,,,,,,,,,,,,,,,,,,,,,,,,,,,,,
,,,,,,,,,,,,,,,,,,,,,,,,,,,,,,,,,,,
,,,,,,,,,,,,,,,,,,,,,,,,,,,,,,,,,,,
,,,,,,,,,,,,,,,,,,,,,,,,,,,,,,,,,,,
,,,,,,,,,,,,,,,,,,,,,,,,,,,,,,,,,,,
,,,,,,,,,,,,,,,,,,,,,,,,,,,,,,,,,,,
,,,,,,,,,,,,,,,,,,,,,,,,,,,,,,,,,,,
,,,,,,,,,,,,,,,,,,,,,,,,,,,,,,,,,,,
,,,,,,,,,,,,,,,,,,,,,,,,,,,,,,,,,,,
,,,,,,,,,,,,,,,,,,,,,,,,,,,,,,,,,,,
,,,,,,,,,,,,,,,,,,,,,,,,,,,,,,,,,,,
,,,,,,,,,,,,,,,,,,,,,,,,,,,,,,,,,,,
,,,,,,,,,,,,,,,,,,,,,,,,,,,,,,,,,,,
,,,,,,,,,,,,,,,,,,,,,,,,,,,,,,,,,,,
,,,,,,,,,,,,,,,,,,,,,,,,,,,,,,,,,,,
,,,,,,,,,,,,,,,,,,,,,,,,,,,,,,,,,,,
,,,,,,,,,,,,,,,,,,,,,,,,,,,,,,,,,,,
,,,,,,,,,,,,,,,,,,,,,,,,,,,,,,,,,,,
,,,,,,,,,,,,,,,,,,,,,,,,,,,,,,,,,,,
,,,,,,,,,,,,,,,,,,,,,,,,,,,,,,,,,,,
,,,,,,,,,,,,,,,,,,,,,,,,,,,,,,,,,,,
,,,,,,,,,,,,,,,,,,,,,,,,,,,,,,,,,,,
,,,,,,,,,,,,,,,,,,,,,,,,,,,,,,,,,,,
,,,,,,,,,,,,,,,,,,,,,,,,,,,,,,,,,,,
,,,,,,,,,,,,,,,,,,,,,,,,,,,,,,,,,,,
,,,,,,,,,,,,,,,,,,,,,,,,,,,,,,,,,,,
,,,,,,,,,,,,,,,,,,,,,,,,,,,,,,,,,,,
,,,,,,,,,,,,,,,,,,,,,,,,,,,,,,,,,,,
,,,,,,,,,,,,,,,,,,,,,,,,,,,,,,,,,,,
,,,,,,,,,,,,,,,,,,,,,,,,,,,,,,,,,,,
,,,,,,,,,,,,,,,,,,,,,,,,,,,,,,,,,,,
,,,,,,,,,,,,,,,,,,,,,,,,,,,,,,,,,,,
,,,,,,,,,,,,,,,,,,,,,,,,,,,,,,,,,,,
,,,,,,,,,,,,,,,,,,,,,,,,,,,,,,,,,,,
,,,,,,,,,,,,,,,,,,,,,,,,,,,,,,,,,,,
,,,,,,,,,,,,,,,,,,,,,,,,,,,,,,,,,,,
,,,,,,,,,,,,,,,,,,,,,,,,,,,,,,,,,,,
,,,,,,,,,,,,,,,,,,,,,,,,,,,,,,,,,,,
,,,,,,,,,,,,,,,,,,,,,,,,,,,,,,,,,,,
,,,,,,,,,,,,,,,,,,,,,,,,,,,,,,,,,,,
,,,,,,,,,,,,,,,,,,,,,,,,,,,,,,,,,,,
,,,,,,,,,,,,,,,,,,,,,,,,,,,,,,,,,,,
,,,,,,,,,,,,,,,,,,,,,,,,,,,,,,,,,,,
,,,,,,,,,,,,,,,,,,,,,,,,,,,,,,,,,,,
,,,,,,,,,,,,,,,,,,,,,,,,,,,,,,,,,,,
,,,,,,,,,,,,,,,,,,,,,,,,,,,,,,,,,,,
,,,,,,,,,,,,,,,,,,,,,,,,,,,,,,,,,,,
,,,,,,,,,,,,,,,,,,,,,,,,,,,,,,,,,,,
,,,,,,,,,,,,,,,,,,,,,,,,,,,,,,,,,,,
,,,,,,,,,,,,,,,,,,,,,,,,,,,,,,,,,,,
,,,,,,,,,,,,,,,,,,,,,,,,,,,,,,,,,,,
,,,,,,,,,,,,,,,,,,,,,,,,,,,,,,,,,,,
,,,,,,,,,,,,,,,,,,,,,,,,,,,,,,,,,,,
,,,,,,,,,,,,,,,,,,,,,,,,,,,,,,,,,,,
,,,,,,,,,,,,,,,,,,,,,,,,,,,,,,,,,,,
,,,,,,,,,,,,,,,,,,,,,,,,,,,,,,,,,,,
,,,,,,,,,,,,,,,,,,,,,,,,,,,,,,,,,,,
,,,,,,,,,,,,,,,,,,,,,,,,,,,,,,,,,,,
,,,,,,,,,,,,,,,,,,,,,,,,,,,,,,,,,,,
,,,,,,,,,,,,,,,,,,,,,,,,,,,,,,,,,,,
,,,,,,,,,,,,,,,,,,,,,,,,,,,,,,,,,,,
,,,,,,,,,,,,,,,,,,,,,,,,,,,,,,,,,,,
,,,,,,,,,,,,,,,,,,,,,,,,,,,,,,,,,,,
,,,,,,,,,,,,,,,,,,,,,,,,,,,,,,,,,,,
,,,,,,,,,,,,,,,,,,,,,,,,,,,,,,,,,,,
,,,,,,,,,,,,,,,,,,,,,,,,,,,,,,,,,,,
,,,,,,,,,,,,,,,,,,,,,,,,,,,,,,,,,,,
,,,,,,,,,,,,,,,,,,,,,,,,,,,,,,,,,,,
,,,,,,,,,,,,,,,,,,,,,,,,,,,,,,,,,,,
,,,,,,,,,,,,,,,,,,,,,,,,,,,,,,,,,,,
,,,,,,,,,,,,,,,,,,,,,,,,,,,,,,,,,,,
,,,,,,,,,,,,,,,,,,,,,,,,,,,,,,,,,,,
,,,,,,,,,,,,,,,,,,,,,,,,,,,,,,,,,,,
,,,,,,,,,,,,,,,,,,,,,,,,,,,,,,,,,,,
,,,,,,,,,,,,,,,,,,,,,,,,,,,,,,,,,,,
,,,,,,,,,,,,,,,,,,,,,,,,,,,,,,,,,,,
,,,,,,,,,,,,,,,,,,,,,,,,,,,,,,,,,,,
,,,,,,,,,,,,,,,,,,,,,,,,,,,,,,,,,,,
,,,,,,,,,,,,,,,,,,,,,,,,,,,,,,,,,,,
,,,,,,,,,,,,,,,,,,,,,,,,,,,,,,,,,,,
,,,,,,,,,,,,,,,,,,,,,,,,,,,,,,,,,,,
,,,,,,,,,,,,,,,,,,,,,,,,,,,,,,,,,,,
,,,,,,,,,,,,,,,,,,,,,,,,,,,,,,,,,,,
,,,,,,,,,,,,,,,,,,,,,,,,,,,,,,,,,,,
,,,,,,,,,,,,,,,,,,,,,,,,,,,,,,,,,,,
,,,,,,,,,,,,,,,,,,,,,,,,,,,,,,,,,,,
,,,,,,,,,,,,,,,,,,,,,,,,,,,,,,,,,,,
,,,,,,,,,,,,,,,,,,,,,,,,,,,,,,,,,,,
,,,,,,,,,,,,,,,,,,,,,,,,,,,,,,,,,,,
,,,,,,,,,,,,,,,,,,,,,,,,,,,,,,,,,,,
,,,,,,,,,,,,,,,,,,,,,,,,,,,,,,,,,,,
,,,,,,,,,,,,,,,,,,,,,,,,,,,,,,,,,,,
,,,,,,,,,,,,,,,,,,,,,,,,,,,,,,,,,,,
,,,,,,,,,,,,,,,,,,,,,,,,,,,,,,,,,,,
,,,,,,,,,,,,,,,,,,,,,,,,,,,,,,,,,,,
,,,,,,,,,,,,,,,,,,,,,,,,,,,,,,,,,,,
,,,,,,,,,,,,,,,,,,,,,,,,,,,,,,,,,,,
,,,,,,,,,,,,,,,,,,,,,,,,,,,,,,,,,,,
,,,,,,,,,,,,,,,,,,,,,,,,,,,,,,,,,,,
,,,,,,,,,,,,,,,,,,,,,,,,,,,,,,,,,,,
,,,,,,,,,,,,,,,,,,,,,,,,,,,,,,,,,,,
,,,,,,,,,,,,,,,,,,,,,,,,,,,,,,,,,,,
,,,,,,,,,,,,,,,,,,,,,,,,,,,,,,,,,,,
,,,,,,,,,,,,,,,,,,,,,,,,,,,,,,,,,,,
,,,,,,,,,,,,,,,,,,,,,,,,,,,,,,,,,,,
,,,,,,,,,,,,,,,,,,,,,,,,,,,,,,,,,,,
,,,,,,,,,,,,,,,,,,,,,,,,,,,,,,,,,,,
,,,,,,,,,,,,,,,,,,,,,,,,,,,,,,,,,,,
,,,,,,,,,,,,,,,,,,,,,,,,,,,,,,,,,,,
,,,,,,,,,,,,,,,,,,,,,,,,,,,,,,,,,,,
,,,,,,,,,,,,,,,,,,,,,,,,,,,,,,,,,,,
,,,,,,,,,,,,,,,,,,,,,,,,,,,,,,,,,,,
,,,,,,,,,,,,,,,,,,,,,,,,,,,,,,,,,,,
,,,,,,,,,,,,,,,,,,,,,,,,,,,,,,,,,,,
,,,,,,,,,,,,,,,,,,,,,,,,,,,,,,,,,,,
,,,,,,,,,,,,,,,,,,,,,,,,,,,,,,,,,,,
,,,,,,,,,,,,,,,,,,,,,,,,,,,,,,,,,,,
,,,,,,,,,,,,,,,,,,,,,,,,,,,,,,,,,,,
,,,,,,,,,,,,,,,,,,,,,,,,,,,,,,,,,,,
,,,,,,,,,,,,,,,,,,,,,,,,,,,,,,,,,,,
,,,,,,,,,,,,,,,,,,,,,,,,,,,,,,,,,,,
,,,,,,,,,,,,,,,,,,,,,,,,,,,,,,,,,,,
,,,,,,,,,,,,,,,,,,,,,,,,,,,,,,,,,,,
,,,,,,,,,,,,,,,,,,,,,,,,,,,,,,,,,,,
,,,,,,,,,,,,,,,,,,,,,,,,,,,,,,,,,,,
,,,,,,,,,,,,,,,,,,,,,,,,,,,,,,,,,,,
,,,,,,,,,,,,,,,,,,,,,,,,,,,,,,,,,,,
,,,,,,,,,,,,,,,,,,,,,,,,,,,,,,,,,,,
,,,,,,,,,,,,,,,,,,,,,,,,,,,,,,,,,,,
,,,,,,,,,,,,,,,,,,,,,,,,,,,,,,,,,,,
,,,,,,,,,,,,,,,,,,,,,,,,,,,,,,,,,,,
,,,,,,,,,,,,,,,,,,,,,,,,,,,,,,,,,,,
,,,,,,,,,,,,,,,,,,,,,,,,,,,,,,,,,,,
,,,,,,,,,,,,,,,,,,,,,,,,,,,,,,,,,,,
,,,,,,,,,,,,,,,,,,,,,,,,,,,,,,,,,,,
,,,,,,,,,,,,,,,,,,,,,,,,,,,,,,,,,,,
,,,,,,,,,,,,,,,,,,,,,,,,,,,,,,,,,,,
,,,,,,,,,,,,,,,,,,,,,,,,,,,,,,,,,,,
,,,,,,,,,,,,,,,,,,,,,,,,,,,,,,,,,,,
,,,,,,,,,,,,,,,,,,,,,,,,,,,,,,,,,,,
,,,,,,,,,,,,,,,,,,,,,,,,,,,,,,,,,,,
,,,,,,,,,,,,,,,,,,,,,,,,,,,,,,,,,,,
,,,,,,,,,,,,,,,,,,,,,,,,,,,,,,,,,,,
,,,,,,,,,,,,,,,,,,,,,,,,,,,,,,,,,,,
,,,,,,,,,,,,,,,,,,,,,,,,,,,,,,,,,,,
,,,,,,,,,,,,,,,,,,,,,,,,,,,,,,,,,,,
,,,,,,,,,,,,,,,,,,,,,,,,,,,,,,,,,,,
,,,,,,,,,,,,,,,,,,,,,,,,,,,,,,,,,,,
,,,,,,,,,,,,,,,,,,,,,,,,,,,,,,,,,,,
,,,,,,,,,,,,,,,,,,,,,,,,,,,,,,,,,,,
,,,,,,,,,,,,,,,,,,,,,,,,,,,,,,,,,,,
,,,,,,,,,,,,,,,,,,,,,,,,,,,,,,,,,,,
,,,,,,,,,,,,,,,,,,,,,,,,,,,,,,,,,,,
,,,,,,,,,,,,,,,,,,,,,,,,,,,,,,,,,,,
,,,,,,,,,,,,,,,,,,,,,,,,,,,,,,,,,,,
,,,,,,,,,,,,,,,,,,,,,,,,,,,,,,,,,,,
,,,,,,,,,,,,,,,,,,,,,,,,,,,,,,,,,,,
,,,,,,,,,,,,,,,,,,,,,,,,,,,,,,,,,,,
,,,,,,,,,,,,,,,,,,,,,,,,,,,,,,,,,,,
,,,,,,,,,,,,,,,,,,,,,,,,,,,,,,,,,,,
,,,,,,,,,,,,,,,,,,,,,,,,,,,,,,,,,,,
,,,,,,,,,,,,,,,,,,,,,,,,,,,,,,,,,,,
,,,,,,,,,,,,,,,,,,,,,,,,,,,,,,,,,,,
,,,,,,,,,,,,,,,,,,,,,,,,,,,,,,,,,,,
,,,,,,,,,,,,,,,,,,,,,,,,,,,,,,,,,,,
,,,,,,,,,,,,,,,,,,,,,,,,,,,,,,,,,,,
,,,,,,,,,,,,,,,,,,,,,,,,,,,,,,,,,,,
,,,,,,,,,,,,,,,,,,,,,,,,,,,,,,,,,,,
,,,,,,,,,,,,,,,,,,,,,,,,,,,,,,,,,,,
,,,,,,,,,,,,,,,,,,,,,,,,,,,,,,,,,,,
,,,,,,,,,,,,,,,,,,,,,,,,,,,,,,,,,,,
,,,,,,,,,,,,,,,,,,,,,,,,,,,,,,,,,,,
,,,,,,,,,,,,,,,,,,,,,,,,,,,,,,,,,,,
,,,,,,,,,,,,,,,,,,,,,,,,,,,,,,,,,,,
,,,,,,,,,,,,,,,,,,,,,,,,,,,,,,,,,,,
,,,,,,,,,,,,,,,,,,,,,,,,,,,,,,,,,,,
,,,,,,,,,,,,,,,,,,,,,,,,,,,,,,,,,,,
,,,,,,,,,,,,,,,,,,,,,,,,,,,,,,,,,,,
,,,,,,,,,,,,,,,,,,,,,,,,,,,,,,,,,,,
,,,,,,,,,,,,,,,,,,,,,,,,,,,,,,,,,,,
,,,,,,,,,,,,,,,,,,,,,,,,,,,,,,,,,,,
,,,,,,,,,,,,,,,,,,,,,,,,,,,,,,,,,,,
,,,,,,,,,,,,,,,,,,,,,,,,,,,,,,,,,,,
,,,,,,,,,,,,,,,,,,,,,,,,,,,,,,,,,,,
,,,,,,,,,,,,,,,,,,,,,,,,,,,,,,,,,,,
,,,,,,,,,,,,,,,,,,,,,,,,,,,,,,,,,,,
,,,,,,,,,,,,,,,,,,,,,,,,,,,,,,,,,,,
,,,,,,,,,,,,,,,,,,,,,,,,,,,,,,,,,,,
,,,,,,,,,,,,,,,,,,,,,,,,,,,,,,,,,,,
,,,,,,,,,,,,,,,,,,,,,,,,,,,,,,,,,,,
,,,,,,,,,,,,,,,,,,,,,,,,,,,,,,,,,,,
,,,,,,,,,,,,,,,,,,,,,,,,,,,,,,,,,,,
,,,,,,,,,,,,,,,,,,,,,,,,,,,,,,,,,,,
,,,,,,,,,,,,,,,,,,,,,,,,,,,,,,,,,,,
,,,,,,,,,,,,,,,,,,,,,,,,,,,,,,,,,,,
,,,,,,,,,,,,,,,,,,,,,,,,,,,,,,,,,,,
,,,,,,,,,,,,,,,,,,,,,,,,,,,,,,,,,,,
,,,,,,,,,,,,,,,,,,,,,,,,,,,,,,,,,,,
,,,,,,,,,,,,,,,,,,,,,,,,,,,,,,,,,,,
,,,,,,,,,,,,,,,,,,,,,,,,,,,,,,,,,,,
,,,,,,,,,,,,,,,,,,,,,,,,,,,,,,,,,,,
,,,,,,,,,,,,,,,,,,,,,,,,,,,,,,,,,,,
,,,,,,,,,,,,,,,,,,,,,,,,,,,,,,,,,,,
,,,,,,,,,,,,,,,,,,,,,,,,,,,,,,,,,,,
,,,,,,,,,,,,,,,,,,,,,,,,,,,,,,,,,,,
,,,,,,,,,,,,,,,,,,,,,,,,,,,,,,,,,,,
,,,,,,,,,,,,,,,,,,,,,,,,,,,,,,,,,,,
,,,,,,,,,,,,,,,,,,,,,,,,,,,,,,,,,,,
,,,,,,,,,,,,,,,,,,,,,,,,,,,,,,,,,,,
,,,,,,,,,,,,,,,,,,,,,,,,,,,,,,,,,,,
,,,,,,,,,,,,,,,,,,,,,,,,,,,,,,,,,,,
,,,,,,,,,,,,,,,,,,,,,,,,,,,,,,,,,,,
,,,,,,,,,,,,,,,,,,,,,,,,,,,,,,,,,,,
,,,,,,,,,,,,,,,,,,,,,,,,,,,,,,,,,,,
,,,,,,,,,,,,,,,,,,,,,,,,,,,,,,,,,,,
,,,,,,,,,,,,,,,,,,,,,,,,,,,,,,,,,,,
,,,,,,,,,,,,,,,,,,,,,,,,,,,,,,,,,,,
,,,,,,,,,,,,,,,,,,,,,,,,,,,,,,,,,,,
,,,,,,,,,,,,,,,,,,,,,,,,,,,,,,,,,,,
,,,,,,,,,,,,,,,,,,,,,,,,,,,,,,,,,,,
,,,,,,,,,,,,,,,,,,,,,,,,,,,,,,,,,,,
,,,,,,,,,,,,,,,,,,,,,,,,,,,,,,,,,,,
,,,,,,,,,,,,,,,,,,,,,,,,,,,,,,,,,,,
,,,,,,,,,,,,,,,,,,,,,,,,,,,,,,,,,,,
,,,,,,,,,,,,,,,,,,,,,,,,,,,,,,,,,,,
,,,,,,,,,,,,,,,,,,,,,,,,,,,,,,,,,,,
,,,,,,,,,,,,,,,,,,,,,,,,,,,,,,,,,,,
,,,,,,,,,,,,,,,,,,,,,,,,,,,,,,,,,,,
,,,,,,,,,,,,,,,,,,,,,,,,,,,,,,,,,,,
,,,,,,,,,,,,,,,,,,,,,,,,,,,,,,,,,,,
,,,,,,,,,,,,,,,,,,,,,,,,,,,,,,,,,,,
,,,,,,,,,,,,,,,,,,,,,,,,,,,,,,,,,,,
,,,,,,,,,,,,,,,,,,,,,,,,,,,,,,,,,,,
,,,,,,,,,,,,,,,,,,,,,,,,,,,,,,,,,,,
,,,,,,,,,,,,,,,,,,,,,,,,,,,,,,,,,,,
,,,,,,,,,,,,,,,,,,,,,,,,,,,,,,,,,,,
,,,,,,,,,,,,,,,,,,,,,,,,,,,,,,,,,,,
,,,,,,,,,,,,,,,,,,,,,,,,,,,,,,,,,,,
,,,,,,,,,,,,,,,,,,,,,,,,,,,,,,,,,,,
,,,,,,,,,,,,,,,,,,,,,,,,,,,,,,,,,,,
,,,,,,,,,,,,,,,,,,,,,,,,,,,,,,,,,,,
,,,,,,,,,,,,,,,,,,,,,,,,,,,,,,,,,,,
,,,,,,,,,,,,,,,,,,,,,,,,,,,,,,,,,,,
,,,,,,,,,,,,,,,,,,,,,,,,,,,,,,,,,,,
,,,,,,,,,,,,,,,,,,,,,,,,,,,,,,,,,,,
,,,,,,,,,,,,,,,,,,,,,,,,,,,,,,,,,,,
,,,,,,,,,,,,,,,,,,,,,,,,,,,,,,,,,,,
,,,,,,,,,,,,,,,,,,,,,,,,,,,,,,,,,,,
,,,,,,,,,,,,,,,,,,,,,,,,,,,,,,,,,,,
,,,,,,,,,,,,,,,,,,,,,,,,,,,,,,,,,,,
,,,,,,,,,,,,,,,,,,,,,,,,,,,,,,,,,,,
,,,,,,,,,,,,,,,,,,,,,,,,,,,,,,,,,,,
,,,,,,,,,,,,,,,,,,,,,,,,,,,,,,,,,,,
,,,,,,,,,,,,,,,,,,,,,,,,,,,,,,,,,,,
,,,,,,,,,,,,,,,,,,,,,,,,,,,,,,,,,,,
,,,,,,,,,,,,,,,,,,,,,,,,,,,,,,,,,,,
,,,,,,,,,,,,,,,,,,,,,,,,,,,,,,,,,,,
,,,,,,,,,,,,,,,,,,,,,,,,,,,,,,,,,,,
,,,,,,,,,,,,,,,,,,,,,,,,,,,,,,,,,,,
,,,,,,,,,,,,,,,,,,,,,,,,,,,,,,,,,,,
,,,,,,,,,,,,,,,,,,,,,,,,,,,,,,,,,,,
,,,,,,,,,,,,,,,,,,,,,,,,,,,,,,,,,,,
,,,,,,,,,,,,,,,,,,,,,,,,,,,,,,,,,,,
,,,,,,,,,,,,,,,,,,,,,,,,,,,,,,,,,,,
,,,,,,,,,,,,,,,,,,,,,,,,,,,,,,,,,,,
,,,,,,,,,,,,,,,,,,,,,,,,,,,,,,,,,,,
,,,,,,,,,,,,,,,,,,,,,,,,,,,,,,,,,,,
,,,,,,,,,,,,,,,,,,,,,,,,,,,,,,,,,,,
,,,,,,,,,,,,,,,,,,,,,,,,,,,,,,,,,,,
,,,,,,,,,,,,,,,,,,,,,,,,,,,,,,,,,,,
,,,,,,,,,,,,,,,,,,,,,,,,,,,,,,,,,,,
,,,,,,,,,,,,,,,,,,,,,,,,,,,,,,,,,,,
,,,,,,,,,,,,,,,,,,,,,,,,,,,,,,,,,,,
,,,,,,,,,,,,,,,,,,,,,,,,,,,,,,,,,,,
,,,,,,,,,,,,,,,,,,,,,,,,,,,,,,,,,,,
,,,,,,,,,,,,,,,,,,,,,,,,,,,,,,,,,,,
,,,,,,,,,,,,,,,,,,,,,,,,,,,,,,,,,,,
,,,,,,,,,,,,,,,,,,,,,,,,,,,,,,,,,,,
,,,,,,,,,,,,,,,,,,,,,,,,,,,,,,,,,,,
,,,,,,,,,,,,,,,,,,,,,,,,,,,,,,,,,,,
,,,,,,,,,,,,,,,,,,,,,,,,,,,,,,,,,,,
,,,,,,,,,,,,,,,,,,,,,,,,,,,,,,,,,,,
,,,,,,,,,,,,,,,,,,,,,,,,,,,,,,,,,,,
,,,,,,,,,,,,,,,,,,,,,,,,,,,,,,,,,,,
,,,,,,,,,,,,,,,,,,,,,,,,,,,,,,,,,,,
,,,,,,,,,,,,,,,,,,,,,,,,,,,,,,,,,,,
,,,,,,,,,,,,,,,,,,,,,,,,,,,,,,,,,,,
,,,,,,,,,,,,,,,,,,,,,,,,,,,,,,,,,,,
,,,,,,,,,,,,,,,,,,,,,,,,,,,,,,,,,,,
,,,,,,,,,,,,,,,,,,,,,,,,,,,,,,,,,,,
,,,,,,,,,,,,,,,,,,,,,,,,,,,,,,,,,,,
,,,,,,,,,,,,,,,,,,,,,,,,,,,,,,,,,,,
,,,,,,,,,,,,,,,,,,,,,,,,,,,,,,,,,,,
,,,,,,,,,,,,,,,,,,,,,,,,,,,,,,,,,,,
,,,,,,,,,,,,,,,,,,,,,,,,,,,,,,,,,,,
,,,,,,,,,,,,,,,,,,,,,,,,,,,,,,,,,,,
,,,,,,,,,,,,,,,,,,,,,,,,,,,,,,,,,,,
,,,,,,,,,,,,,,,,,,,,,,,,,,,,,,,,,,,
,,,,,,,,,,,,,,,,,,,,,,,,,,,,,,,,,,,
,,,,,,,,,,,,,,,,,,,,,,,,,,,,,,,,,,,
,,,,,,,,,,,,,,,,,,,,,,,,,,,,,,,,,,,
,,,,,,,,,,,,,,,,,,,,,,,,,,,,,,,,,,,
,,,,,,,,,,,,,,,,,,,,,,,,,,,,,,,,,,,
,,,,,,,,,,,,,,,,,,,,,,,,,,,,,,,,,,,
,,,,,,,,,,,,,,,,,,,,,,,,,,,,,,,,,,,
,,,,,,,,,,,,,,,,,,,,,,,,,,,,,,,,,,,
,,,,,,,,,,,,,,,,,,,,,,,,,,,,,,,,,,,
,,,,,,,,,,,,,,,,,,,,,,,,,,,,,,,,,,,
,,,,,,,,,,,,,,,,,,,,,,,,,,,,,,,,,,,
,,,,,,,,,,,,,,,,,,,,,,,,,,,,,,,,,,,
,,,,,,,,,,,,,,,,,,,,,,,,,,,,,,,,,,,
,,,,,,,,,,,,,,,,,,,,,,,,,,,,,,,,,,,
,,,,,,,,,,,,,,,,,,,,,,,,,,,,,,,,,,,
,,,,,,,,,,,,,,,,,,,,,,,,,,,,,,,,,,,
,,,,,,,,,,,,,,,,,,,,,,,,,,,,,,,,,,,
,,,,,,,,,,,,,,,,,,,,,,,,,,,,,,,,,,,
,,,,,,,,,,,,,,,,,,,,,,,,,,,,,,,,,,,
,,,,,,,,,,,,,,,,,,,,,,,,,,,,,,,,,,,
,,,,,,,,,,,,,,,,,,,,,,,,,,,,,,,,,,,
,,,,,,,,,,,,,,,,,,,,,,,,,,,,,,,,,,,
,,,,,,,,,,,,,,,,,,,,,,,,,,,,,,,,,,,
,,,,,,,,,,,,,,,,,,,,,,,,,,,,,,,,,,,
,,,,,,,,,,,,,,,,,,,,,,,,,,,,,,,,,,,
,,,,,,,,,,,,,,,,,,,,,,,,,,,,,,,,,,,
,,,,,,,,,,,,,,,,,,,,,,,,,,,,,,,,,,,
,,,,,,,,,,,,,,,,,,,,,,,,,,,,,,,,,,,
,,,,,,,,,,,,,,,,,,,,,,,,,,,,,,,,,,,
,,,,,,,,,,,,,,,,,,,,,,,,,,,,,,,,,,,
,,,,,,,,,,,,,,,,,,,,,,,,,,,,,,,,,,,
,,,,,,,,,,,,,,,,,,,,,,,,,,,,,,,,,,,
,,,,,,,,,,,,,,,,,,,,,,,,,,,,,,,,,,,
,,,,,,,,,,,,,,,,,,,,,,,,,,,,,,,,,,,
,,,,,,,,,,,,,,,,,,,,,,,,,,,,,,,,,,,
,,,,,,,,,,,,,,,,,,,,,,,,,,,,,,,,,,,
,,,,,,,,,,,,,,,,,,,,,,,,,,,,,,,,,,,
,,,,,,,,,,,,,,,,,,,,,,,,,,,,,,,,,,,
,,,,,,,,,,,,,,,,,,,,,,,,,,,,,,,,,,,
,,,,,,,,,,,,,,,,,,,,,,,,,,,,,,,,,,,
,,,,,,,,,,,,,,,,,,,,,,,,,,,,,,,,,,,
,,,,,,,,,,,,,,,,,,,,,,,,,,,,,,,,,,,
,,,,,,,,,,,,,,,,,,,,,,,,,,,,,,,,,,,
,,,,,,,,,,,,,,,,,,,,,,,,,,,,,,,,,,,
,,,,,,,,,,,,,,,,,,,,,,,,,,,,,,,,,,,
,,,,,,,,,,,,,,,,,,,,,,,,,,,,,,,,,,,
,,,,,,,,,,,,,,,,,,,,,,,,,,,,,,,,,,,
,,,,,,,,,,,,,,,,,,,,,,,,,,,,,,,,,,,
,,,,,,,,,,,,,,,,,,,,,,,,,,,,,,,,,,,
,,,,,,,,,,,,,,,,,,,,,,,,,,,,,,,,,,,
,,,,,,,,,,,,,,,,,,,,,,,,,,,,,,,,,,,
,,,,,,,,,,,,,,,,,,,,,,,,,,,,,,,,,,,
,,,,,,,,,,,,,,,,,,,,,,,,,,,,,,,,,,,
,,,,,,,,,,,,,,,,,,,,,,,,,,,,,,,,,,,
,,,,,,,,,,,,,,,,,,,,,,,,,,,,,,,,,,,
,,,,,,,,,,,,,,,,,,,,,,,,,,,,,,,,,,,
,,,,,,,,,,,,,,,,,,,,,,,,,,,,,,,,,,,
,,,,,,,,,,,,,,,,,,,,,,,,,,,,,,,,,,,
,,,,,,,,,,,,,,,,,,,,,,,,,,,,,,,,,,,
,,,,,,,,,,,,,,,,,,,,,,,,,,,,,,,,,,,
,,,,,,,,,,,,,,,,,,,,,,,,,,,,,,,,,,,
,,,,,,,,,,,,,,,,,,,,,,,,,,,,,,,,,,,
,,,,,,,,,,,,,,,,,,,,,,,,,,,,,,,,,,,
,,,,,,,,,,,,,,,,,,,,,,,,,,,,,,,,,,,
,,,,,,,,,,,,,,,,,,,,,,,,,,,,,,,,,,,
,,,,,,,,,,,,,,,,,,,,,,,,,,,,,,,,,,,
,,,,,,,,,,,,,,,,,,,,,,,,,,,,,,,,,,,
,,,,,,,,,,,,,,,,,,,,,,,,,,,,,,,,,,,
,,,,,,,,,,,,,,,,,,,,,,,,,,,,,,,,,,,
,,,,,,,,,,,,,,,,,,,,,,,,,,,,,,,,,,,
,,,,,,,,,,,,,,,,,,,,,,,,,,,,,,,,,,,
,,,,,,,,,,,,,,,,,,,,,,,,,,,,,,,,,,,
,,,,,,,,,,,,,,,,,,,,,,,,,,,,,,,,,,,
,,,,,,,,,,,,,,,,,,,,,,,,,,,,,,,,,,,
,,,,,,,,,,,,,,,,,,,,,,,,,,,,,,,,,,,
,,,,,,,,,,,,,,,,,,,,,,,,,,,,,,,,,,,
,,,,,,,,,,,,,,,,,,,,,,,,,,,,,,,,,,,
,,,,,,,,,,,,,,,,,,,,,,,,,,,,,,,,,,,
,,,,,,,,,,,,,,,,,,,,,,,,,,,,,,,,,,,
,,,,,,,,,,,,,,,,,,,,,,,,,,,,,,,,,,,
,,,,,,,,,,,,,,,,,,,,,,,,,,,,,,,,,,,
,,,,,,,,,,,,,,,,,,,,,,,,,,,,,,,,,,,
,,,,,,,,,,,,,,,,,,,,,,,,,,,,,,,,,,,
,,,,,,,,,,,,,,,,,,,,,,,,,,,,,,,,,,,
,,,,,,,,,,,,,,,,,,,,,,,,,,,,,,,,,,,
,,,,,,,,,,,,,,,,,,,,,,,,,,,,,,,,,,,
,,,,,,,,,,,,,,,,,,,,,,,,,,,,,,,,,,,
,,,,,,,,,,,,,,,,,,,,,,,,,,,,,,,,,,,
,,,,,,,,,,,,,,,,,,,,,,,,,,,,,,,,,,,
,,,,,,,,,,,,,,,,,,,,,,,,,,,,,,,,,,,
,,,,,,,,,,,,,,,,,,,,,,,,,,,,,,,,,,,
,,,,,,,,,,,,,,,,,,,,,,,,,,,,,,,,,,,
,,,,,,,,,,,,,,,,,,,,,,,,,,,,,,,,,,,
,,,,,,,,,,,,,,,,,,,,,,,,,,,,,,,,,,,
,,,,,,,,,,,,,,,,,,,,,,,,,,,,,,,,,,,
,,,,,,,,,,,,,,,,,,,,,,,,,,,,,,,,,,,
,,,,,,,,,,,,,,,,,,,,,,,,,,,,,,,,,,,
,,,,,,,,,,,,,,,,,,,,,,,,,,,,,,,,,,,
,,,,,,,,,,,,,,,,,,,,,,,,,,,,,,,,,,,
,,,,,,,,,,,,,,,,,,,,,,,,,,,,,,,,,,,
,,,,,,,,,,,,,,,,,,,,,,,,,,,,,,,,,,,
,,,,,,,,,,,,,,,,,,,,,,,,,,,,,,,,,,,
,,,,,,,,,,,,,,,,,,,,,,,,,,,,,,,,,,,
,,,,,,,,,,,,,,,,,,,,,,,,,,,,,,,,,,,
,,,,,,,,,,,,,,,,,,,,,,,,,,,,,,,,,,,
,,,,,,,,,,,,,,,,,,,,,,,,,,,,,,,,,,,
,,,,,,,,,,,,,,,,,,,,,,,,,,,,,,,,,,,
,,,,,,,,,,,,,,,,,,,,,,,,,,,,,,,,,,,
,,,,,,,,,,,,,,,,,,,,,,,,,,,,,,,,,,,
,,,,,,,,,,,,,,,,,,,,,,,,,,,,,,,,,,,
,,,,,,,,,,,,,,,,,,,,,,,,,,,,,,,,,,,
,,,,,,,,,,,,,,,,,,,,,,,,,,,,,,,,,,,
,,,,,,,,,,,,,,,,,,,,,,,,,,,,,,,,,,,
,,,,,,,,,,,,,,,,,,,,,,,,,,,,,,,,,,,
,,,,,,,,,,,,,,,,,,,,,,,,,,,,,,,,,,,
,,,,,,,,,,,,,,,,,,,,,,,,,,,,,,,,,,,
,,,,,,,,,,,,,,,,,,,,,,,,,,,,,,,,,,,
,,,,,,,,,,,,,,,,,,,,,,,,,,,,,,,,,,,
,,,,,,,,,,,,,,,,,,,,,,,,,,,,,,,,,,,
,,,,,,,,,,,,,,,,,,,,,,,,,,,,,,,,,,,
,,,,,,,,,,,,,,,,,,,,,,,,,,,,,,,,,,,
,,,,,,,,,,,,,,,,,,,,,,,,,,,,,,,,,,,
,,,,,,,,,,,,,,,,,,,,,,,,,,,,,,,,,,,
,,,,,,,,,,,,,,,,,,,,,,,,,,,,,,,,,,,
,,,,,,,,,,,,,,,,,,,,,,,,,,,,,,,,,,,
,,,,,,,,,,,,,,,,,,,,,,,,,,,,,,,,,,,
,,,,,,,,,,,,,,,,,,,,,,,,,,,,,,,,,,,
,,,,,,,,,,,,,,,,,,,,,,,,,,,,,,,,,,,
,,,,,,,,,,,,,,,,,,,,,,,,,,,,,,,,,,,
,,,,,,,,,,,,,,,,,,,,,,,,,,,,,,,,,,,
,,,,,,,,,,,,,,,,,,,,,,,,,,,,,,,,,,,
,,,,,,,,,,,,,,,,,,,,,,,,,,,,,,,,,,,
,,,,,,,,,,,,,,,,,,,,,,,,,,,,,,,,,,,
,,,,,,,,,,,,,,,,,,,,,,,,,,,,,,,,,,,
,,,,,,,,,,,,,,,,,,,,,,,,,,,,,,,,,,,
,,,,,,,,,,,,,,,,,,,,,,,,,,,,,,,,,,,
,,,,,,,,,,,,,,,,,,,,,,,,,,,,,,,,,,,
,,,,,,,,,,,,,,,,,,,,,,,,,,,,,,,,,,,
,,,,,,,,,,,,,,,,,,,,,,,,,,,,,,,,,,,
,,,,,,,,,,,,,,,,,,,,,,,,,,,,,,,,,,,
,,,,,,,,,,,,,,,,,,,,,,,,,,,,,,,,,,,
,,,,,,,,,,,,,,,,,,,,,,,,,,,,,,,,,,,
,,,,,,,,,,,,,,,,,,,,,,,,,,,,,,,,,,,
,,,,,,,,,,,,,,,,,,,,,,,,,,,,,,,,,,,
,,,,,,,,,,,,,,,,,,,,,,,,,,,,,,,,,,,
,,,,,,,,,,,,,,,,,,,,,,,,,,,,,,,,,,,
,,,,,,,,,,,,,,,,,,,,,,,,,,,,,,,,,,,
,,,,,,,,,,,,,,,,,,,,,,,,,,,,,,,,,,,
,,,,,,,,,,,,,,,,,,,,,,,,,,,,,,,,,,,
,,,,,,,,,,,,,,,,,,,,,,,,,,,,,,,,,,,
,,,,,,,,,,,,,,,,,,,,,,,,,,,,,,,,,,,
,,,,,,,,,,,,,,,,,,,,,,,,,,,,,,,,,,,
,,,,,,,,,,,,,,,,,,,,,,,,,,,,,,,,,,,
,,,,,,,,,,,,,,,,,,,,,,,,,,,,,,,,,,,
,,,,,,,,,,,,,,,,,,,,,,,,,,,,,,,,,,,
,,,,,,,,,,,,,,,,,,,,,,,,,,,,,,,,,,,
,,,,,,,,,,,,,,,,,,,,,,,,,,,,,,,,,,,
,,,,,,,,,,,,,,,,,,,,,,,,,,,,,,,,,,,
,,,,,,,,,,,,,,,,,,,,,,,,,,,,,,,,,,,
,,,,,,,,,,,,,,,,,,,,,,,,,,,,,,,,,,,
,,,,,,,,,,,,,,,,,,,,,,,,,,,,,,,,,,,
,,,,,,,,,,,,,,,,,,,,,,,,,,,,,,,,,,,
,,,,,,,,,,,,,,,,,,,,,,,,,,,,,,,,,,,
,,,,,,,,,,,,,,,,,,,,,,,,,,,,,,,,,,,
,,,,,,,,,,,,,,,,,,,,,,,,,,,,,,,,,,,
,,,,,,,,,,,,,,,,,,,,,,,,,,,,,,,,,,,
,,,,,,,,,,,,,,,,,,,,,,,,,,,,,,,,,,,
,,,,,,,,,,,,,,,,,,,,,,,,,,,,,,,,,,,
,,,,,,,,,,,,,,,,,,,,,,,,,,,,,,,,,,,
,,,,,,,,,,,,,,,,,,,,,,,,,,,,,,,,,,,
,,,,,,,,,,,,,,,,,,,,,,,,,,,,,,,,,,,
,,,,,,,,,,,,,,,,,,,,,,,,,,,,,,,,,,,
,,,,,,,,,,,,,,,,,,,,,,,,,,,,,,,,,,,
,,,,,,,,,,,,,,,,,,,,,,,,,,,,,,,,,,,
,,,,,,,,,,,,,,,,,,,,,,,,,,,,,,,,,,,
,,,,,,,,,,,,,,,,,,,,,,,,,,,,,,,,,,,
,,,,,,,,,,,,,,,,,,,,,,,,,,,,,,,,,,,
,,,,,,,,,,,,,,,,,,,,,,,,,,,,,,,,,,,
,,,,,,,,,,,,,,,,,,,,,,,,,,,,,,,,,,,
,,,,,,,,,,,,,,,,,,,,,,,,,,,,,,,,,,,
,,,,,,,,,,,,,,,,,,,,,,,,,,,,,,,,,,,
,,,,,,,,,,,,,,,,,,,,,,,,,,,,,,,,,,,
,,,,,,,,,,,,,,,,,,,,,,,,,,,,,,,,,,,
,,,,,,,,,,,,,,,,,,,,,,,,,,,,,,,,,,,
,,,,,,,,,,,,,,,,,,,,,,,,,,,,,,,,,,,
,,,,,,,,,,,,,,,,,,,,,,,,,,,,,,,,,,,
,,,,,,,,,,,,,,,,,,,,,,,,,,,,,,,,,,,
,,,,,,,,,,,,,,,,,,,,,,,,,,,,,,,,,,,
,,,,,,,,,,,,,,,,,,,,,,,,,,,,,,,,,,,
,,,,,,,,,,,,,,,,,,,,,,,,,,,,,,,,,,,
,,,,,,,,,,,,,,,,,,,,,,,,,,,,,,,,,,,
,,,,,,,,,,,,,,,,,,,,,,,,,,,,,,,,,,,
,,,,,,,,,,,,,,,,,,,,,,,,,,,,,,,,,,,
,,,,,,,,,,,,,,,,,,,,,,,,,,,,,,,,,,,
,,,,,,,,,,,,,,,,,,,,,,,,,,,,,,,,,,,
,,,,,,,,,,,,,,,,,,,,,,,,,,,,,,,,,,,
,,,,,,,,,,,,,,,,,,,,,,,,,,,,,,,,,,,
,,,,,,,,,,,,,,,,,,,,,,,,,,,,,,,,,,,
,,,,,,,,,,,,,,,,,,,,,,,,,,,,,,,,,,,
,,,,,,,,,,,,,,,,,,,,,,,,,,,,,,,,,,,
,,,,,,,,,,,,,,,,,,,,,,,,,,,,,,,,,,,
,,,,,,,,,,,,,,,,,,,,,,,,,,,,,,,,,,,
,,,,,,,,,,,,,,,,,,,,,,,,,,,,,,,,,,,
,,,,,,,,,,,,,,,,,,,,,,,,,,,,,,,,,,,
,,,,,,,,,,,,,,,,,,,,,,,,,,,,,,,,,,,
,,,,,,,,,,,,,,,,,,,,,,,,,,,,,,,,,,,
,,,,,,,,,,,,,,,,,,,,,,,,,,,,,,,,,,,
,,,,,,,,,,,,,,,,,,,,,,,,,,,,,,,,,,,
,,,,,,,,,,,,,,,,,,,,,,,,,,,,,,,,,,,
,,,,,,,,,,,,,,,,,,,,,,,,,,,,,,,,,,,
,,,,,,,,,,,,,,,,,,,,,,,,,,,,,,,,,,,
,,,,,,,,,,,,,,,,,,,,,,,,,,,,,,,,,,,
,,,,,,,,,,,,,,,,,,,,,,,,,,,,,,,,,,,
,,,,,,,,,,,,,,,,,,,,,,,,,,,,,,,,,,,
,,,,,,,,,,,,,,,,,,,,,,,,,,,,,,,,,,,
,,,,,,,,,,,,,,,,,,,,,,,,,,,,,,,,,,,
,,,,,,,,,,,,,,,,,,,,,,,,,,,,,,,,,,,
,,,,,,,,,,,,,,,,,,,,,,,,,,,,,,,,,,,
,,,,,,,,,,,,,,,,,,,,,,,,,,,,,,,,,,,
,,,,,,,,,,,,,,,,,,,,,,,,,,,,,,,,,,,
,,,,,,,,,,,,,,,,,,,,,,,,,,,,,,,,,,,
,,,,,,,,,,,,,,,,,,,,,,,,,,,,,,,,,,,
,,,,,,,,,,,,,,,,,,,,,,,,,,,,,,,,,,,
,,,,,,,,,,,,,,,,,,,,,,,,,,,,,,,,,,,
,,,,,,,,,,,,,,,,,,,,,,,,,,,,,,,,,,,
,,,,,,,,,,,,,,,,,,,,,,,,,,,,,,,,,,,
,,,,,,,,,,,,,,,,,,,,,,,,,,,,,,,,,,,
,,,,,,,,,,,,,,,,,,,,,,,,,,,,,,,,,,,
,,,,,,,,,,,,,,,,,,,,,,,,,,,,,,,,,,,
,,,,,,,,,,,,,,,,,,,,,,,,,,,,,,,,,,,
,,,,,,,,,,,,,,,,,,,,,,,,,,,,,,,,,,,
,,,,,,,,,,,,,,,,,,,,,,,,,,,,,,,,,,,
,,,,,,,,,,,,,,,,,,,,,,,,,,,,,,,,,,,
,,,,,,,,,,,,,,,,,,,,,,,,,,,,,,,,,,,
,,,,,,,,,,,,,,,,,,,,,,,,,,,,,,,,,,,
,,,,,,,,,,,,,,,,,,,,,,,,,,,,,,,,,,,
,,,,,,,,,,,,,,,,,,,,,,,,,,,,,,,,,,,
,,,,,,,,,,,,,,,,,,,,,,,,,,,,,,,,,,,
,,,,,,,,,,,,,,,,,,,,,,,,,,,,,,,,,,,
,,,,,,,,,,,,,,,,,,,,,,,,,,,,,,,,,,,
,,,,,,,,,,,,,,,,,,,,,,,,,,,,,,,,,,,
,,,,,,,,,,,,,,,,,,,,,,,,,,,,,,,,,,,
,,,,,,,,,,,,,,,,,,,,,,,,,,,,,,,,,,,
,,,,,,,,,,,,,,,,,,,,,,,,,,,,,,,,,,,
,,,,,,,,,,,,,,,,,,,,,,,,,,,,,,,,,,,
,,,,,,,,,,,,,,,,,,,,,,,,,,,,,,,,,,,
,,,,,,,,,,,,,,,,,,,,,,,,,,,,,,,,,,,
,,,,,,,,,,,,,,,,,,,,,,,,,,,,,,,,,,,
,,,,,,,,,,,,,,,,,,,,,,,,,,,,,,,,,,,
,,,,,,,,,,,,,,,,,,,,,,,,,,,,,,,,,,,
,,,,,,,,,,,,,,,,,,,,,,,,,,,,,,,,,,,
,,,,,,,,,,,,,,,,,,,,,,,,,,,,,,,,,,,
,,,,,,,,,,,,,,,,,,,,,,,,,,,,,,,,,,,
,,,,,,,,,,,,,,,,,,,,,,,,,,,,,,,,,,,
,,,,,,,,,,,,,,,,,,,,,,,,,,,,,,,,,,,
,,,,,,,,,,,,,,,,,,,,,,,,,,,,,,,,,,,
,,,,,,,,,,,,,,,,,,,,,,,,,,,,,,,,,,,
,,,,,,,,,,,,,,,,,,,,,,,,,,,,,,,,,,,
,,,,,,,,,,,,,,,,,,,,,,,,,,,,,,,,,,,
,,,,,,,,,,,,,,,,,,,,,,,,,,,,,,,,,,,
,,,,,,,,,,,,,,,,,,,,,,,,,,,,,,,,,,,
,,,,,,,,,,,,,,,,,,,,,,,,,,,,,,,,,,,
,,,,,,,,,,,,,,,,,,,,,,,,,,,,,,,,,,,
,,,,,,,,,,,,,,,,,,,,,,,,,,,,,,,,,,,
,,,,,,,,,,,,,,,,,,,,,,,,,,,,,,,,,,,
,,,,,,,,,,,,,,,,,,,,,,,,,,,,,,,,,,,
,,,,,,,,,,,,,,,,,,,,,,,,,,,,,,,,,,,
,,,,,,,,,,,,,,,,,,,,,,,,,,,,,,,,,,,
,,,,,,,,,,,,,,,,,,,,,,,,,,,,,,,,,,,
,,,,,,,,,,,,,,,,,,,,,,,,,,,,,,,,,,,
,,,,,,,,,,,,,,,,,,,,,,,,,,,,,,,,,,,
,,,,,,,,,,,,,,,,,,,,,,,,,,,,,,,,,,,
,,,,,,,,,,,,,,,,,,,,,,,,,,,,,,,,,,,
,,,,,,,,,,,,,,,,,,,,,,,,,,,,,,,,,,,
,,,,,,,,,,,,,,,,,,,,,,,,,,,,,,,,,,,
,,,,,,,,,,,,,,,,,,,,,,,,,,,,,,,,,,,
,,,,,,,,,,,,,,,,,,,,,,,,,,,,,,,,,,,
,,,,,,,,,,,,,,,,,,,,,,,,,,,,,,,,,,,
,,,,,,,,,,,,,,,,,,,,,,,,,,,,,,,,,,,
,,,,,,,,,,,,,,,,,,,,,,,,,,,,,,,,,,,
,,,,,,,,,,,,,,,,,,,,,,,,,,,,,,,,,,,
,,,,,,,,,,,,,,,,,,,,,,,,,,,,,,,,,,,
,,,,,,,,,,,,,,,,,,,,,,,,,,,,,,,,,,,
,,,,,,,,,,,,,,,,,,,,,,,,,,,,,,,,,,,
,,,,,,,,,,,,,,,,,,,,,,,,,,,,,,,,,,,
,,,,,,,,,,,,,,,,,,,,,,,,,,,,,,,,,,,
,,,,,,,,,,,,,,,,,,,,,,,,,,,,,,,,,,,
,,,,,,,,,,,,,,,,,,,,,,,,,,,,,,,,,,,
,,,,,,,,,,,,,,,,,,,,,,,,,,,,,,,,,,,
,,,,,,,,,,,,,,,,,,,,,,,,,,,,,,,,,,,
,,,,,,,,,,,,,,,,,,,,,,,,,,,,,,,,,,,
,,,,,,,,,,,,,,,,,,,,,,,,,,,,,,,,,,,
,,,,,,,,,,,,,,,,,,,,,,,,,,,,,,,,,,,
,,,,,,,,,,,,,,,,,,,,,,,,,,,,,,,,,,,
,,,,,,,,,,,,,,,,,,,,,,,,,,,,,,,,,,,
,,,,,,,,,,,,,,,,,,,,,,,,,,,,,,,,,,,
,,,,,,,,,,,,,,,,,,,,,,,,,,,,,,,,,,,
,,,,,,,,,,,,,,,,,,,,,,,,,,,,,,,,,,,
,,,,,,,,,,,,,,,,,,,,,,,,,,,,,,,,,,,
,,,,,,,,,,,,,,,,,,,,,,,,,,,,,,,,,,,
,,,,,,,,,,,,,,,,,,,,,,,,,,,,,,,,,,,
,,,,,,,,,,,,,,,,,,,,,,,,,,,,,,,,,,,
,,,,,,,,,,,,,,,,,,,,,,,,,,,,,,,,,,,
,,,,,,,,,,,,,,,,,,,,,,,,,,,,,,,,,,,
,,,,,,,,,,,,,,,,,,,,,,,,,,,,,,,,,,,
,,,,,,,,,,,,,,,,,,,,,,,,,,,,,,,,,,,
,,,,,,,,,,,,,,,,,,,,,,,,,,,,,,,,,,,
,,,,,,,,,,,,,,,,,,,,,,,,,,,,,,,,,,,
,,,,,,,,,,,,,,,,,,,,,,,,,,,,,,,,,,,
,,,,,,,,,,,,,,,,,,,,,,,,,,,,,,,,,,,
,,,,,,,,,,,,,,,,,,,,,,,,,,,,,,,,,,,
,,,,,,,,,,,,,,,,,,,,,,,,,,,,,,,,,,,
,,,,,,,,,,,,,,,,,,,,,,,,,,,,,,,,,,,
,,,,,,,,,,,,,,,,,,,,,,,,,,,,,,,,,,,
,,,,,,,,,,,,,,,,,,,,,,,,,,,,,,,,,,,
,,,,,,,,,,,,,,,,,,,,,,,,,,,,,,,,,,,
,,,,,,,,,,,,,,,,,,,,,,,,,,,,,,,,,,,
,,,,,,,,,,,,,,,,,,,,,,,,,,,,,,,,,,,
,,,,,,,,,,,,,,,,,,,,,,,,,,,,,,,,,,,
,,,,,,,,,,,,,,,,,,,,,,,,,,,,,,,,,,,
,,,,,,,,,,,,,,,,,,,,,,,,,,,,,,,,,,,
,,,,,,,,,,,,,,,,,,,,,,,,,,,,,,,,,,,
,,,,,,,,,,,,,,,,,,,,,,,,,,,,,,,,,,,
,,,,,,,,,,,,,,,,,,,,,,,,,,,,,,,,,,,
,,,,,,,,,,,,,,,,,,,,,,,,,,,,,,,,,,,
,,,,,,,,,,,,,,,,,,,,,,,,,,,,,,,,,,,
,,,,,,,,,,,,,,,,,,,,,,,,,,,,,,,,,,,
,,,,,,,,,,,,,,,,,,,,,,,,,,,,,,,,,,,
,,,,,,,,,,,,,,,,,,,,,,,,,,,,,,,,,,,
,,,,,,,,,,,,,,,,,,,,,,,,,,,,,,,,,,,
,,,,,,,,,,,,,,,,,,,,,,,,,,,,,,,,,,,
,,,,,,,,,,,,,,,,,,,,,,,,,,,,,,,,,,,
,,,,,,,,,,,,,,,,,,,,,,,,,,,,,,,,,,,
,,,,,,,,,,,,,,,,,,,,,,,,,,,,,,,,,,,
,,,,,,,,,,,,,,,,,,,,,,,,,,,,,,,,,,,
,,,,,,,,,,,,,,,,,,,,,,,,,,,,,,,,,,,
,,,,,,,,,,,,,,,,,,,,,,,,,,,,,,,,,,,
,,,,,,,,,,,,,,,,,,,,,,,,,,,,,,,,,,,
,,,,,,,,,,,,,,,,,,,,,,,,,,,,,,,,,,,
,,,,,,,,,,,,,,,,,,,,,,,,,,,,,,,,,,,
,,,,,,,,,,,,,,,,,,,,,,,,,,,,,,,,,,,
,,,,,,,,,,,,,,,,,,,,,,,,,,,,,,,,,,,
,,,,,,,,,,,,,,,,,,,,,,,,,,,,,,,,,,,
,,,,,,,,,,,,,,,,,,,,,,,,,,,,,,,,,,,
,,,,,,,,,,,,,,,,,,,,,,,,,,,,,,,,,,,
,,,,,,,,,,,,,,,,,,,,,,,,,,,,,,,,,,,
,,,,,,,,,,,,,,,,,,,,,,,,,,,,,,,,,,,
,,,,,,,,,,,,,,,,,,,,,,,,,,,,,,,,,,,
,,,,,,,,,,,,,,,,,,,,,,,,,,,,,,,,,,,
,,,,,,,,,,,,,,,,,,,,,,,,,,,,,,,,,,,
,,,,,,,,,,,,,,,,,,,,,,,,,,,,,,,,,,,
,,,,,,,,,,,,,,,,,,,,,,,,,,,,,,,,,,,
,,,,,,,,,,,,,,,,,,,,,,,,,,,,,,,,,,,
,,,,,,,,,,,,,,,,,,,,,,,,,,,,,,,,,,,
,,,,,,,,,,,,,,,,,,,,,,,,,,,,,,,,,,,
,,,,,,,,,,,,,,,,,,,,,,,,,,,,,,,,,,,
,,,,,,,,,,,,,,,,,,,,,,,,,,,,,,,,,,,
,,,,,,,,,,,,,,,,,,,,,,,,,,,,,,,,,,,
,,,,,,,,,,,,,,,,,,,,,,,,,,,,,,,,,,,
,,,,,,,,,,,,,,,,,,,,,,,,,,,,,,,,,,,
,,,,,,,,,,,,,,,,,,,,,,,,,,,,,,,,,,,
,,,,,,,,,,,,,,,,,,,,,,,,,,,,,,,,,,,
,,,,,,,,,,,,,,,,,,,,,,,,,,,,,,,,,,,
,,,,,,,,,,,,,,,,,,,,,,,,,,,,,,,,,,,
,,,,,,,,,,,,,,,,,,,,,,,,,,,,,,,,,,,
,,,,,,,,,,,,,,,,,,,,,,,,,,,,,,,,,,,
,,,,,,,,,,,,,,,,,,,,,,,,,,,,,,,,,,,
,,,,,,,,,,,,,,,,,,,,,,,,,,,,,,,,,,,
,,,,,,,,,,,,,,,,,,,,,,,,,,,,,,,,,,,
,,,,,,,,,,,,,,,,,,,,,,,,,,,,,,,,,,,
,,,,,,,,,,,,,,,,,,,,,,,,,,,,,,,,,,,
,,,,,,,,,,,,,,,,,,,,,,,,,,,,,,,,,,,
,,,,,,,,,,,,,,,,,,,,,,,,,,,,,,,,,,,
,,,,,,,,,,,,,,,,,,,,,,,,,,,,,,,,,,,
,,,,,,,,,,,,,,,,,,,,,,,,,,,,,,,,,,,
,,,,,,,,,,,,,,,,,,,,,,,,,,,,,,,,,,,
,,,,,,,,,,,,,,,,,,,,,,,,,,,,,,,,,,,
,,,,,,,,,,,,,,,,,,,,,,,,,,,,,,,,,,,
,,,,,,,,,,,,,,,,,,,,,,,,,,,,,,,,,,,
,,,,,,,,,,,,,,,,,,,,,,,,,,,,,,,,,,,